,縣市,行政區,候選人,得票數,得票率,已送投開票所數,應送投開票所數,時間
0,臺北市,松山區,1,417,0.4,114,117,20181125-000240
1,臺北市,松山區,2,45128,43.45,114,117,20181125-000240
2,臺北市,松山區,3,16866,16.24,114,117,20181125-000240
3,臺北市,松山區,4,41041,39.52,114,117,20181125-000240
4,臺北市,松山區,5,408,0.39,114,117,20181125-000240
5,臺北市,信義區,1,469,0.41,134,142,20181125-000241
6,臺北市,信義區,2,50787,44.0,134,142,20181125-000241
7,臺北市,信義區,3,18764,16.26,134,142,20181125-000241
8,臺北市,信義區,4,44926,38.93,134,142,20181125-000241
9,臺北市,信義區,5,469,0.41,134,142,20181125-000241
10,臺北市,大安區,1,477,0.38,152,188,20181125-000241
11,臺北市,大安區,2,57839,45.76,152,188,20181125-000241
12,臺北市,大安區,3,18764,14.85,152,188,20181125-000241
13,臺北市,大安區,4,48774,38.59,152,188,20181125-000241
14,臺北市,大安區,5,536,0.42,152,188,20181125-000241
15,臺北市,中山區,1,476,0.39,133,133,20181125-000241
16,臺北市,中山區,2,46746,38.38,133,133,20181125-000241
17,臺北市,中山區,3,23483,19.28,133,133,20181125-000241
18,臺北市,中山區,4,50604,41.55,133,133,20181125-000241
19,臺北市,中山區,5,491,0.4,133,133,20181125-000241
20,臺北市,中正區,1,351,0.46,91,96,20181125-000241
21,臺北市,中正區,2,31932,41.81,91,96,20181125-000241
22,臺北市,中正區,3,11989,15.7,91,96,20181125-000241
23,臺北市,中正區,4,31741,41.56,91,96,20181125-000241
24,臺北市,中正區,5,363,0.48,91,96,20181125-000241
25,臺北市,大同區,1,266,0.38,82,82,20181125-000242
26,臺北市,大同區,2,20763,29.69,82,82,20181125-000242
27,臺北市,大同區,3,16896,24.16,82,82,20181125-000242
28,臺北市,大同區,4,31679,45.29,82,82,20181125-000242
29,臺北市,大同區,5,339,0.48,82,82,20181125-000242
30,臺北市,萬華區,1,427,0.41,117,117,20181125-000243
31,臺北市,萬華區,2,38666,37.05,117,117,20181125-000243
32,臺北市,萬華區,3,21400,20.5,117,117,20181125-000243
33,臺北市,萬華區,4,43411,41.59,117,117,20181125-000243
34,臺北市,萬華區,5,464,0.44,117,117,20181125-000243
35,臺北市,文山區,1,534,0.48,126,162,20181125-000243
36,臺北市,文山區,2,52401,47.2,126,162,20181125-000243
37,臺北市,文山區,3,14567,13.12,126,162,20181125-000243
38,臺北市,文山區,4,42960,38.7,126,162,20181125-000243
39,臺北市,文山區,5,552,0.5,126,162,20181125-000243
40,臺北市,南港區,1,287,0.43,72,72,20181125-000244
41,臺北市,南港區,2,26282,39.45,72,72,20181125-000244
42,臺北市,南港區,3,10830,16.26,72,72,20181125-000244
43,臺北市,南港區,4,28896,43.37,72,72,20181125-000244
44,臺北市,南港區,5,325,0.49,72,72,20181125-000244
45,臺北市,內湖區,1,527,0.36,147,150,20181125-000244
46,臺北市,內湖區,2,60329,41.04,147,150,20181125-000244
47,臺北市,內湖區,3,21245,14.45,147,150,20181125-000244
48,臺北市,內湖區,4,64267,43.72,147,150,20181125-000244
49,臺北市,內湖區,5,621,0.42,147,150,20181125-000244
50,臺北市,士林區,1,358,0.34,114,163,20181125-000244
51,臺北市,士林區,2,37059,35.55,114,163,20181125-000244
52,臺北市,士林區,3,23160,22.22,114,163,20181125-000244
53,臺北市,士林區,4,43218,41.46,114,163,20181125-000244
54,臺北市,士林區,5,450,0.43,114,163,20181125-000244
55,臺北市,北投區,1,428,0.38,120,141,20181125-000244
56,臺北市,北投區,2,44142,39.11,120,141,20181125-000244
57,臺北市,北投區,3,20699,18.34,120,141,20181125-000244
58,臺北市,北投區,4,47115,41.74,120,141,20181125-000244
59,臺北市,北投區,5,489,0.43,120,141,20181125-000244
60,新北市,板橋區,1,131006,46.05,336,338,20181125-000244
61,新北市,板橋區,2,153495,53.95,336,338,20181125-000244
62,新北市,三重區,1,99844,50.24,233,235,20181125-000245
63,新北市,三重區,2,98894,49.76,233,235,20181125-000245
64,新北市,中和區,1,80552,36.69,244,244,20181125-000245
65,新北市,中和區,2,139022,63.31,244,244,20181125-000245
66,新北市,永和區,1,38286,32.54,138,138,20181125-000245
67,新北市,永和區,2,79362,67.46,138,138,20181125-000245
68,新北市,新莊區,1,100700,48.28,252,253,20181125-000246
69,新北市,新莊區,2,107894,51.72,252,253,20181125-000246
70,新北市,新店區,1,49138,31.31,173,176,20181125-000246
71,新北市,新店區,2,107786,68.69,173,176,20181125-000246
72,新北市,樹林區,1,41240,45.93,110,111,20181125-000246
73,新北市,樹林區,2,48556,54.07,110,111,20181125-000246
74,新北市,鶯歌區,1,20360,46.51,50,50,20181125-000247
75,新北市,鶯歌區,2,23419,53.49,50,50,20181125-000247
76,新北市,三峽區,1,23653,42.64,70,70,20181125-000247
77,新北市,三峽區,2,31822,57.36,70,70,20181125-000247
78,新北市,淡水區,1,32863,39.86,94,96,20181125-000247
79,新北市,淡水區,2,49586,60.14,94,96,20181125-000247
80,新北市,汐止區,1,38265,38.73,110,111,20181125-000247
81,新北市,汐止區,2,60524,61.27,110,111,20181125-000247
82,新北市,瑞芳區,1,8038,37.51,46,46,20181125-000248
83,新北市,瑞芳區,2,13393,62.49,46,46,20181125-000248
84,新北市,土城區,1,51075,43.85,140,142,20181125-000248
85,新北市,土城區,2,65398,56.15,140,142,20181125-000248
86,新北市,蘆洲區,1,48350,50.56,104,104,20181125-000248
87,新北市,蘆洲區,2,47271,49.44,104,104,20181125-000248
88,新北市,五股區,1,20372,47.77,48,48,20181125-000249
89,新北市,五股區,2,22276,52.23,48,48,20181125-000249
90,新北市,泰山區,1,16044,45.92,43,47,20181125-000249
91,新北市,泰山區,2,18893,54.08,43,47,20181125-000249
92,新北市,林口區,1,20883,40.92,62,62,20181125-000250
93,新北市,林口區,2,30150,59.08,62,62,20181125-000250
94,新北市,深坑區,1,5153,40.03,16,16,20181125-000250
95,新北市,深坑區,2,7720,59.97,16,16,20181125-000250
96,新北市,石碇區,1,2488,52.27,13,13,20181125-000250
97,新北市,石碇區,2,2272,47.73,13,13,20181125-000250
98,新北市,坪林區,1,2255,55.46,10,10,20181125-000251
99,新北市,坪林區,2,1811,44.54,10,10,20181125-000251
100,新北市,三芝區,1,4915,40.6,18,18,20181125-000251
101,新北市,三芝區,2,7191,59.4,18,18,20181125-000251
102,新北市,石門區,1,2928,41.3,10,10,20181125-000252
103,新北市,石門區,2,4162,58.7,10,10,20181125-000252
104,新北市,八里區,1,8982,46.0,20,20,20181125-000252
105,新北市,八里區,2,10545,54.0,20,20,20181125-000252
106,新北市,平溪區,1,1417,46.72,12,12,20181125-000252
107,新北市,平溪區,2,1616,53.28,12,12,20181125-000252
108,新北市,雙溪區,1,2423,44.18,17,17,20181125-000253
109,新北市,雙溪區,2,3062,55.82,17,17,20181125-000253
110,新北市,貢寮區,1,3698,54.21,18,18,20181125-000253
111,新北市,貢寮區,2,3123,45.79,18,18,20181125-000253
112,新北市,金山區,1,5344,46.11,19,19,20181125-000253
113,新北市,金山區,2,6246,53.89,19,19,20181125-000253
114,新北市,萬里區,1,4928,42.95,16,16,20181125-000254
115,新北市,萬里區,2,6547,57.05,16,16,20181125-000254
116,新北市,烏來區,1,1399,35.23,6,6,20181125-000255
117,新北市,烏來區,2,2572,64.77,6,6,20181125-000255
118,桃園市,桃園區,1,3595,2.1,191,216,20181125-000255
119,桃園市,桃園區,2,64747,37.88,191,216,20181125-000255
120,桃園市,桃園區,3,12977,7.59,191,216,20181125-000255
121,桃園市,桃園區,4,380,0.22,191,216,20181125-000255
122,桃園市,桃園區,5,89229,52.2,191,216,20181125-000255
123,桃園市,中壢區,1,2797,1.67,184,210,20181125-000255
124,桃園市,中壢區,2,75702,45.32,184,210,20181125-000255
125,桃園市,中壢區,3,5857,3.51,184,210,20181125-000255
126,桃園市,中壢區,4,511,0.31,184,210,20181125-000255
127,桃園市,中壢區,5,82174,49.19,184,210,20181125-000255
128,桃園市,大溪區,1,610,1.28,59,59,20181125-000256
129,桃園市,大溪區,2,16271,34.1,59,59,20181125-000256
130,桃園市,大溪區,3,1897,3.98,59,59,20181125-000256
131,桃園市,大溪區,4,190,0.4,59,59,20181125-000256
132,桃園市,大溪區,5,28746,60.25,59,59,20181125-000256
133,桃園市,楊梅區,1,1108,1.56,76,82,20181125-000256
134,桃園市,楊梅區,2,29698,41.72,76,82,20181125-000256
135,桃園市,楊梅區,3,3084,4.33,76,82,20181125-000256
136,桃園市,楊梅區,4,321,0.45,76,82,20181125-000256
137,桃園市,楊梅區,5,36974,51.94,76,82,20181125-000256
138,桃園市,蘆竹區,1,1610,2.23,76,76,20181125-000256
139,桃園市,蘆竹區,2,24164,33.5,76,76,20181125-000256
140,桃園市,蘆竹區,3,4197,5.82,76,76,20181125-000256
141,桃園市,蘆竹區,4,214,0.3,76,76,20181125-000256
142,桃園市,蘆竹區,5,41938,58.15,76,76,20181125-000256
143,桃園市,大園區,1,715,1.72,46,50,20181125-000256
144,桃園市,大園區,2,12668,30.55,46,50,20181125-000256
145,桃園市,大園區,3,2306,5.56,46,50,20181125-000256
146,桃園市,大園區,4,188,0.45,46,50,20181125-000256
147,桃園市,大園區,5,25591,61.71,46,50,20181125-000256
148,桃園市,龜山區,1,965,1.86,58,78,20181125-000257
149,桃園市,龜山區,2,19538,37.61,58,78,20181125-000257
150,桃園市,龜山區,3,2946,5.67,58,78,20181125-000257
151,桃園市,龜山區,4,187,0.36,58,78,20181125-000257
152,桃園市,龜山區,5,28311,54.5,58,78,20181125-000257
153,桃園市,八德區,1,1573,1.73,98,101,20181125-000257
154,桃園市,八德區,2,35365,38.91,98,101,20181125-000257
155,桃園市,八德區,3,3989,4.39,98,101,20181125-000257
156,桃園市,八德區,4,262,0.29,98,101,20181125-000257
157,桃園市,八德區,5,49707,54.69,98,101,20181125-000257
158,桃園市,龍潭區,1,943,1.64,62,64,20181125-000258
159,桃園市,龍潭區,2,26181,45.48,62,64,20181125-000258
160,桃園市,龍潭區,3,2199,3.82,62,64,20181125-000258
161,桃園市,龍潭區,4,548,0.95,62,64,20181125-000258
162,桃園市,龍潭區,5,27695,48.11,62,64,20181125-000258
163,桃園市,平鎮區,1,1613,1.61,118,125,20181125-000258
164,桃園市,平鎮區,2,42641,42.58,118,125,20181125-000258
165,桃園市,平鎮區,3,3588,3.58,118,125,20181125-000258
166,桃園市,平鎮區,4,453,0.45,118,125,20181125-000258
167,桃園市,平鎮區,5,51843,51.77,118,125,20181125-000258
168,桃園市,新屋區,1,370,1.29,30,30,20181125-000259
169,桃園市,新屋區,2,9164,31.94,30,30,20181125-000259
170,桃園市,新屋區,3,1434,5.0,30,30,20181125-000259
171,桃園市,新屋區,4,141,0.49,30,30,20181125-000259
172,桃園市,新屋區,5,17581,61.28,30,30,20181125-000259
173,桃園市,觀音區,1,556,1.64,41,41,20181125-000259
174,桃園市,觀音區,2,10126,29.8,41,41,20181125-000259
175,桃園市,觀音區,3,1833,5.39,41,41,20181125-000259
176,桃園市,觀音區,4,176,0.52,41,41,20181125-000259
177,桃園市,觀音區,5,21285,62.65,41,41,20181125-000259
178,桃園市,復興區,1,43,0.61,10,10,20181125-000300
179,桃園市,復興區,2,2966,42.35,10,10,20181125-000300
180,桃園市,復興區,3,294,4.2,10,10,20181125-000300
181,桃園市,復興區,4,32,0.46,10,10,20181125-000300
182,桃園市,復興區,5,3669,52.38,10,10,20181125-000300
183,臺中市,中區,1,86,0.94,12,12,20181125-000300
184,臺中市,中區,2,4173,45.77,12,12,20181125-000300
185,臺中市,中區,3,4859,53.29,12,12,20181125-000300
186,臺中市,東區,1,458,1.1,49,49,20181125-000301
187,臺中市,東區,2,19078,45.87,49,49,20181125-000301
188,臺中市,東區,3,22055,53.03,49,49,20181125-000301
189,臺中市,南區,1,658,0.99,74,74,20181125-000301
190,臺中市,南區,2,28330,42.77,74,74,20181125-000301
191,臺中市,南區,3,37250,56.24,74,74,20181125-000301
192,臺中市,西區,1,618,1.03,66,66,20181125-000301
193,臺中市,西區,2,25616,42.86,66,66,20181125-000301
194,臺中市,西區,3,33534,56.11,66,66,20181125-000301
195,臺中市,北區,1,745,0.97,87,87,20181125-000302
196,臺中市,北區,2,30187,39.36,87,87,20181125-000302
197,臺中市,北區,3,45769,59.67,87,87,20181125-000302
198,臺中市,西屯區,1,1083,0.97,120,120,20181125-000302
199,臺中市,西屯區,2,43307,38.73,120,120,20181125-000302
200,臺中市,西屯區,3,67437,60.3,120,120,20181125-000302
201,臺中市,南屯區,1,914,1.08,101,101,20181125-000303
202,臺中市,南屯區,2,34396,40.73,101,101,20181125-000303
203,臺中市,南屯區,3,49134,58.19,101,101,20181125-000303
204,臺中市,北屯區,1,1268,0.91,137,137,20181125-000303
205,臺中市,北屯區,2,53504,38.42,137,137,20181125-000303
206,臺中市,北屯區,3,84485,60.67,137,137,20181125-000303
207,臺中市,豐原區,1,965,1.09,87,88,20181125-000304
208,臺中市,豐原區,2,42015,47.32,87,88,20181125-000304
209,臺中市,豐原區,3,45802,51.59,87,88,20181125-000304
210,臺中市,東勢區,1,330,1.13,39,39,20181125-000304
211,臺中市,東勢區,2,10727,36.64,39,39,20181125-000304
212,臺中市,東勢區,3,18216,62.23,39,39,20181125-000304
213,臺中市,大甲區,1,484,1.15,54,54,20181125-000304
214,臺中市,大甲區,2,18523,44.14,54,54,20181125-000304
215,臺中市,大甲區,3,22958,54.71,54,54,20181125-000304
216,臺中市,清水區,1,525,1.07,59,59,20181125-000304
217,臺中市,清水區,2,22912,46.8,59,59,20181125-000304
218,臺中市,清水區,3,25523,52.13,59,59,20181125-000304
219,臺中市,沙鹿區,1,530,1.1,53,53,20181125-000305
220,臺中市,沙鹿區,2,20835,43.27,53,53,20181125-000305
221,臺中市,沙鹿區,3,26784,55.63,53,53,20181125-000305
222,臺中市,梧棲區,1,365,1.19,36,36,20181125-000305
223,臺中市,梧棲區,2,14663,47.67,36,36,20181125-000305
224,臺中市,梧棲區,3,15729,51.14,36,36,20181125-000305
225,臺中市,后里區,1,420,1.36,37,37,20181125-000305
226,臺中市,后里區,2,12815,41.46,37,37,20181125-000305
227,臺中市,后里區,3,17677,57.18,37,37,20181125-000305
228,臺中市,神岡區,1,424,1.16,42,42,20181125-000306
229,臺中市,神岡區,2,18095,49.65,42,42,20181125-000306
230,臺中市,神岡區,3,17928,49.19,42,42,20181125-000306
231,臺中市,潭子區,1,581,1.01,55,55,20181125-000307
232,臺中市,潭子區,2,24836,43.3,55,55,20181125-000307
233,臺中市,潭子區,3,31938,55.68,55,55,20181125-000307
234,臺中市,大雅區,1,592,1.21,46,46,20181125-000308
235,臺中市,大雅區,2,20342,41.74,46,46,20181125-000308
236,臺中市,大雅區,3,27797,57.04,46,46,20181125-000308
237,臺中市,新社區,1,209,1.39,23,23,20181125-000308
238,臺中市,新社區,2,6009,40.1,23,23,20181125-000308
239,臺中市,新社區,3,8767,58.51,23,23,20181125-000308
240,臺中市,石岡區,1,110,1.21,10,10,20181125-000308
241,臺中市,石岡區,2,3571,39.35,10,10,20181125-000308
242,臺中市,石岡區,3,5393,59.43,10,10,20181125-000308
243,臺中市,外埔區,1,215,1.17,20,20,20181125-000308
244,臺中市,外埔區,2,7124,38.76,20,20,20181125-000308
245,臺中市,外埔區,3,11040,60.07,20,20,20181125-000308
246,臺中市,大安區,1,148,1.24,16,16,20181125-000309
247,臺中市,大安區,2,5009,42.13,16,16,20181125-000309
248,臺中市,大安區,3,6732,56.62,16,16,20181125-000309
249,臺中市,烏日區,1,465,1.15,40,40,20181125-000309
250,臺中市,烏日區,2,16911,41.93,40,40,20181125-000309
251,臺中市,烏日區,3,22951,56.91,40,40,20181125-000309
252,臺中市,大肚區,1,388,1.22,33,33,20181125-000309
253,臺中市,大肚區,2,13558,42.68,33,33,20181125-000309
254,臺中市,大肚區,3,17821,56.1,33,33,20181125-000309
255,臺中市,龍井區,1,572,1.38,45,45,20181125-000310
256,臺中市,龍井區,2,18048,43.62,45,45,20181125-000310
257,臺中市,龍井區,3,22757,55.0,45,45,20181125-000310
258,臺中市,霧峰區,1,415,1.11,43,43,20181125-000311
259,臺中市,霧峰區,2,16151,43.07,43,43,20181125-000311
260,臺中市,霧峰區,3,20936,55.83,43,43,20181125-000311
261,臺中市,太平區,1,1024,1.12,90,93,20181125-000311
262,臺中市,太平區,2,38708,42.38,90,93,20181125-000311
263,臺中市,太平區,3,51609,56.5,90,93,20181125-000311
264,臺中市,大里區,1,1202,1.14,106,106,20181125-000311
265,臺中市,大里區,2,46571,44.23,106,106,20181125-000311
266,臺中市,大里區,3,57527,54.63,106,106,20181125-000311
267,臺中市,和平區,1,71,1.01,17,17,20181125-000312
268,臺中市,和平區,2,2035,28.84,17,17,20181125-000312
269,臺中市,和平區,3,4950,70.15,17,17,20181125-000312
270,臺南市,新營區,1,13462,35.26,49,49,20181125-000312
271,臺南市,新營區,2,14120,36.98,49,49,20181125-000312
272,臺南市,新營區,3,4359,11.42,49,49,20181125-000312
273,臺南市,新營區,4,1616,4.23,49,49,20181125-000312
274,臺南市,新營區,5,3176,8.32,49,49,20181125-000312
275,臺南市,新營區,6,1448,3.79,49,49,20181125-000312
276,臺南市,鹽水區,1,6555,45.92,31,31,20181125-000313
277,臺南市,鹽水區,2,3981,27.89,31,31,20181125-000313
278,臺南市,鹽水區,3,1618,11.33,31,31,20181125-000313
279,臺南市,鹽水區,4,566,3.96,31,31,20181125-000313
280,臺南市,鹽水區,5,862,6.04,31,31,20181125-000313
281,臺南市,鹽水區,6,694,4.86,31,31,20181125-000313
282,臺南市,白河區,1,7130,46.44,32,32,20181125-000313
283,臺南市,白河區,2,4715,30.71,32,32,20181125-000313
284,臺南市,白河區,3,1371,8.93,32,32,20181125-000313
285,臺南市,白河區,4,562,3.66,32,32,20181125-000313
286,臺南市,白河區,5,705,4.59,32,32,20181125-000313
287,臺南市,白河區,6,871,5.67,32,32,20181125-000313
288,臺南市,柳營區,1,5212,42.68,25,25,20181125-000313
289,臺南市,柳營區,2,3630,29.72,25,25,20181125-000313
290,臺南市,柳營區,3,1578,12.92,25,25,20181125-000313
291,臺南市,柳營區,4,506,4.14,25,25,20181125-000313
292,臺南市,柳營區,5,777,6.36,25,25,20181125-000313
293,臺南市,柳營區,6,510,4.18,25,25,20181125-000313
294,臺南市,後壁區,1,6345,45.95,29,29,20181125-000314
295,臺南市,後壁區,2,3940,28.53,29,29,20181125-000314
296,臺南市,後壁區,3,1458,10.56,29,29,20181125-000314
297,臺南市,後壁區,4,552,4.0,29,29,20181125-000314
298,臺南市,後壁區,5,662,4.79,29,29,20181125-000314
299,臺南市,後壁區,6,852,6.17,29,29,20181125-000314
300,臺南市,東山區,1,4627,42.01,23,23,20181125-000314
301,臺南市,東山區,2,3742,33.97,23,23,20181125-000314
302,臺南市,東山區,3,1111,10.09,23,23,20181125-000314
303,臺南市,東山區,4,495,4.49,23,23,20181125-000314
304,臺南市,東山區,5,474,4.3,23,23,20181125-000314
305,臺南市,東山區,6,565,5.13,23,23,20181125-000314
306,臺南市,麻豆區,1,11716,48.58,35,35,20181125-000315
307,臺南市,麻豆區,2,5630,23.34,35,35,20181125-000315
308,臺南市,麻豆區,3,2086,8.65,35,35,20181125-000315
309,臺南市,麻豆區,4,1402,5.81,35,35,20181125-000315
310,臺南市,麻豆區,5,2343,9.71,35,35,20181125-000315
311,臺南市,麻豆區,6,941,3.9,35,35,20181125-000315
312,臺南市,下營區,1,5492,42.59,19,19,20181125-000315
313,臺南市,下營區,2,3767,29.21,19,19,20181125-000315
314,臺南市,下營區,3,1449,11.24,19,19,20181125-000315
315,臺南市,下營區,4,664,5.15,19,19,20181125-000315
316,臺南市,下營區,5,1031,8.0,19,19,20181125-000315
317,臺南市,下營區,6,492,3.82,19,19,20181125-000315
318,臺南市,六甲區,1,5309,43.24,19,19,20181125-000315
319,臺南市,六甲區,2,3260,26.55,19,19,20181125-000315
320,臺南市,六甲區,3,1381,11.25,19,19,20181125-000315
321,臺南市,六甲區,4,674,5.49,19,19,20181125-000315
322,臺南市,六甲區,5,1022,8.32,19,19,20181125-000315
323,臺南市,六甲區,6,633,5.16,19,19,20181125-000315
324,臺南市,官田區,1,5514,45.37,20,20,20181125-000315
325,臺南市,官田區,2,3107,25.56,20,20,20181125-000315
326,臺南市,官田區,3,1265,10.41,20,20,20181125-000315
327,臺南市,官田區,4,678,5.58,20,20,20181125-000315
328,臺南市,官田區,5,1025,8.43,20,20,20181125-000315
329,臺南市,官田區,6,565,4.65,20,20,20181125-000315
330,臺南市,大內區,1,2271,39.13,11,11,20181125-000316
331,臺南市,大內區,2,1687,29.07,11,11,20181125-000316
332,臺南市,大內區,3,673,11.6,11,11,20181125-000316
333,臺南市,大內區,4,397,6.84,11,11,20181125-000316
334,臺南市,大內區,5,481,8.29,11,11,20181125-000316
335,臺南市,大內區,6,295,5.08,11,11,20181125-000316
336,臺南市,佳里區,1,12783,40.53,41,41,20181125-000316
337,臺南市,佳里區,2,9178,29.1,41,41,20181125-000316
338,臺南市,佳里區,3,3005,9.53,41,41,20181125-000316
339,臺南市,佳里區,4,2001,6.34,41,41,20181125-000316
340,臺南市,佳里區,5,3366,10.67,41,41,20181125-000316
341,臺南市,佳里區,6,1205,3.82,41,41,20181125-000316
342,臺南市,學甲區,1,6509,47.08,26,26,20181125-000316
343,臺南市,學甲區,2,3860,27.92,26,26,20181125-000316
344,臺南市,學甲區,3,1228,8.88,26,26,20181125-000316
345,臺南市,學甲區,4,570,4.12,26,26,20181125-000316
346,臺南市,學甲區,5,1107,8.01,26,26,20181125-000316
347,臺南市,學甲區,6,552,3.99,26,26,20181125-000316
348,臺南市,西港區,1,6041,43.79,20,20,20181125-000317
349,臺南市,西港區,2,3593,26.05,20,20,20181125-000317
350,臺南市,西港區,3,1387,10.06,20,20,20181125-000317
351,臺南市,西港區,4,722,5.23,20,20,20181125-000317
352,臺南市,西港區,5,1536,11.14,20,20,20181125-000317
353,臺南市,西港區,6,515,3.73,20,20,20181125-000317
354,臺南市,七股區,1,5670,43.39,24,24,20181125-000317
355,臺南市,七股區,2,3251,24.88,24,24,20181125-000317
356,臺南市,七股區,3,1347,10.31,24,24,20181125-000317
357,臺南市,七股區,4,960,7.35,24,24,20181125-000317
358,臺南市,七股區,5,1144,8.75,24,24,20181125-000317
359,臺南市,七股區,6,695,5.32,24,24,20181125-000317
360,臺南市,將軍區,1,5438,45.68,24,24,20181125-000318
361,臺南市,將軍區,2,3109,26.12,24,24,20181125-000318
362,臺南市,將軍區,3,1115,9.37,24,24,20181125-000318
363,臺南市,將軍區,4,873,7.33,24,24,20181125-000318
364,臺南市,將軍區,5,912,7.66,24,24,20181125-000318
365,臺南市,將軍區,6,457,3.84,24,24,20181125-000318
366,臺南市,北門區,1,2757,42.63,18,18,20181125-000318
367,臺南市,北門區,2,1877,29.02,18,18,20181125-000318
368,臺南市,北門區,3,652,10.08,18,18,20181125-000318
369,臺南市,北門區,4,395,6.11,18,18,20181125-000318
370,臺南市,北門區,5,448,6.93,18,18,20181125-000318
371,臺南市,北門區,6,339,5.24,18,18,20181125-000318
372,臺南市,新化區,1,9154,38.46,37,37,20181125-000318
373,臺南市,新化區,2,7591,31.89,37,37,20181125-000318
374,臺南市,新化區,3,2223,9.34,37,37,20181125-000318
375,臺南市,新化區,4,1102,4.63,37,37,20181125-000318
376,臺南市,新化區,5,2822,11.86,37,37,20181125-000318
377,臺南市,新化區,6,911,3.83,37,37,20181125-000318
378,臺南市,善化區,1,9435,39.4,29,29,20181125-000318
379,臺南市,善化區,2,6948,29.02,29,29,20181125-000318
380,臺南市,善化區,3,2001,8.36,29,29,20181125-000318
381,臺南市,善化區,4,1583,6.61,29,29,20181125-000318
382,臺南市,善化區,5,2878,12.02,29,29,20181125-000318
383,臺南市,善化區,6,1099,4.59,29,29,20181125-000318
384,臺南市,新市區,1,7027,37.42,27,27,20181125-000319
385,臺南市,新市區,2,5034,26.81,27,27,20181125-000319
386,臺南市,新市區,3,1605,8.55,27,27,20181125-000319
387,臺南市,新市區,4,2012,10.71,27,27,20181125-000319
388,臺南市,新市區,5,2340,12.46,27,27,20181125-000319
389,臺南市,新市區,6,762,4.06,27,27,20181125-000319
390,臺南市,安定區,1,6643,40.09,24,24,20181125-000319
391,臺南市,安定區,2,4752,28.67,24,24,20181125-000319
392,臺南市,安定區,3,1576,9.51,24,24,20181125-000319
393,臺南市,安定區,4,899,5.42,24,24,20181125-000319
394,臺南市,安定區,5,1997,12.05,24,24,20181125-000319
395,臺南市,安定區,6,705,4.25,24,24,20181125-000319
396,臺南市,山上區,1,1521,37.37,9,9,20181125-000319
397,臺南市,山上區,2,1244,30.57,9,9,20181125-000319
398,臺南市,山上區,3,467,11.47,9,9,20181125-000319
399,臺南市,山上區,4,217,5.33,9,9,20181125-000319
400,臺南市,山上區,5,423,10.39,9,9,20181125-000319
401,臺南市,山上區,6,198,4.86,9,9,20181125-000319
402,臺南市,玉井區,1,2656,32.54,16,16,20181125-000319
403,臺南市,玉井區,2,3442,42.17,16,16,20181125-000319
404,臺南市,玉井區,3,665,8.15,16,16,20181125-000319
405,臺南市,玉井區,4,302,3.7,16,16,20181125-000319
406,臺南市,玉井區,5,632,7.74,16,16,20181125-000319
407,臺南市,玉井區,6,465,5.7,16,16,20181125-000319
408,臺南市,楠西區,1,1576,28.48,9,9,20181125-000320
409,臺南市,楠西區,2,2687,48.56,9,9,20181125-000320
410,臺南市,楠西區,3,400,7.23,9,9,20181125-000320
411,臺南市,楠西區,4,218,3.94,9,9,20181125-000320
412,臺南市,楠西區,5,353,6.38,9,9,20181125-000320
413,臺南市,楠西區,6,299,5.4,9,9,20181125-000320
414,臺南市,南化區,1,1792,33.17,10,10,20181125-000320
415,臺南市,南化區,2,2229,41.26,10,10,20181125-000320
416,臺南市,南化區,3,474,8.77,10,10,20181125-000320
417,臺南市,南化區,4,173,3.2,10,10,20181125-000320
418,臺南市,南化區,5,402,7.44,10,10,20181125-000320
419,臺南市,南化區,6,332,6.15,10,10,20181125-000320
420,臺南市,左鎮區,1,1233,41.8,10,10,20181125-000320
421,臺南市,左鎮區,2,939,31.83,10,10,20181125-000320
422,臺南市,左鎮區,3,195,6.61,10,10,20181125-000320
423,臺南市,左鎮區,4,211,7.15,10,10,20181125-000320
424,臺南市,左鎮區,5,221,7.49,10,10,20181125-000320
425,臺南市,左鎮區,6,151,5.12,10,10,20181125-000320
426,臺南市,仁德區,1,14717,36.41,49,49,20181125-000320
427,臺南市,仁德區,2,12883,31.88,49,49,20181125-000320
428,臺南市,仁德區,3,3522,8.71,49,49,20181125-000320
429,臺南市,仁德區,4,1537,3.8,49,49,20181125-000320
430,臺南市,仁德區,5,5911,14.63,49,49,20181125-000320
431,臺南市,仁德區,6,1846,4.57,49,49,20181125-000320
432,臺南市,歸仁區,1,13413,37.57,46,46,20181125-000321
433,臺南市,歸仁區,2,9264,25.95,46,46,20181125-000321
434,臺南市,歸仁區,3,2942,8.24,46,46,20181125-000321
435,臺南市,歸仁區,4,1292,3.62,46,46,20181125-000321
436,臺南市,歸仁區,5,7202,20.17,46,46,20181125-000321
437,臺南市,歸仁區,6,1588,4.45,46,46,20181125-000321
438,臺南市,關廟區,1,7670,37.11,32,32,20181125-000321
439,臺南市,關廟區,2,5323,25.76,32,32,20181125-000321
440,臺南市,關廟區,3,1580,7.65,32,32,20181125-000321
441,臺南市,關廟區,4,573,2.77,32,32,20181125-000321
442,臺南市,關廟區,5,4778,23.12,32,32,20181125-000321
443,臺南市,關廟區,6,742,3.59,32,32,20181125-000321
444,臺南市,龍崎區,1,814,29.24,8,8,20181125-000321
445,臺南市,龍崎區,2,676,24.28,8,8,20181125-000321
446,臺南市,龍崎區,3,180,6.47,8,8,20181125-000321
447,臺南市,龍崎區,4,82,2.95,8,8,20181125-000321
448,臺南市,龍崎區,5,917,32.94,8,8,20181125-000321
449,臺南市,龍崎區,6,115,4.13,8,8,20181125-000321
450,臺南市,永康區,1,38762,34.7,142,142,20181125-000321
451,臺南市,永康區,2,38892,34.81,142,142,20181125-000321
452,臺南市,永康區,3,9587,8.58,142,142,20181125-000321
453,臺南市,永康區,4,4676,4.19,142,142,20181125-000321
454,臺南市,永康區,5,15007,13.43,142,142,20181125-000321
455,臺南市,永康區,6,4787,4.29,142,142,20181125-000321
456,臺南市,東區,1,28636,32.27,93,93,20181125-000322
457,臺南市,東區,2,36041,40.61,93,93,20181125-000322
458,臺南市,東區,3,5457,6.15,93,93,20181125-000322
459,臺南市,東區,4,3522,3.97,93,93,20181125-000322
460,臺南市,東區,5,11681,13.16,93,93,20181125-000322
461,臺南市,東區,6,3410,3.84,93,93,20181125-000322
462,臺南市,南區,1,25068,39.35,80,80,20181125-000322
463,臺南市,南區,2,21036,33.02,80,80,20181125-000322
464,臺南市,南區,3,5430,8.52,80,80,20181125-000322
465,臺南市,南區,4,2585,4.06,80,80,20181125-000322
466,臺南市,南區,5,7661,12.03,80,80,20181125-000322
467,臺南市,南區,6,1925,3.02,80,80,20181125-000322
468,臺南市,北區,1,22694,34.49,81,81,20181125-000322
469,臺南市,北區,2,24690,37.52,81,81,20181125-000322
470,臺南市,北區,3,4510,6.85,81,81,20181125-000322
471,臺南市,北區,4,2851,4.33,81,81,20181125-000322
472,臺南市,北區,5,8547,12.99,81,81,20181125-000322
473,臺南市,北區,6,2515,3.82,81,81,20181125-000322
474,臺南市,安南區,1,34402,38.4,85,90,20181125-000322
475,臺南市,安南區,2,26180,29.22,85,90,20181125-000322
476,臺南市,安南區,3,8640,9.64,85,90,20181125-000322
477,臺南市,安南區,4,4493,5.02,85,90,20181125-000322
478,臺南市,安南區,5,12467,13.92,85,90,20181125-000322
479,臺南市,安南區,6,3409,3.81,85,90,20181125-000322
480,臺南市,安平區,1,10276,34.24,32,32,20181125-000323
481,臺南市,安平區,2,11056,36.84,32,32,20181125-000323
482,臺南市,安平區,3,2479,8.26,32,32,20181125-000323
483,臺南市,安平區,4,1034,3.45,32,32,20181125-000323
484,臺南市,安平區,5,4075,13.58,32,32,20181125-000323
485,臺南市,安平區,6,1088,3.63,32,32,20181125-000323
486,臺南市,中西區,1,14846,37.54,52,52,20181125-000323
487,臺南市,中西區,2,13835,34.98,52,52,20181125-000323
488,臺南市,中西區,3,2552,6.45,52,52,20181125-000323
489,臺南市,中西區,4,1859,4.7,52,52,20181125-000323
490,臺南市,中西區,5,4904,12.4,52,52,20181125-000323
491,臺南市,中西區,6,1556,3.93,52,52,20181125-000323
492,高雄市,鹽埕區,1,7633,48.28,24,24,20181125-000323
493,高雄市,鹽埕區,2,7992,50.55,24,24,20181125-000323
494,高雄市,鹽埕區,3,71,0.45,24,24,20181125-000323
495,高雄市,鹽埕區,4,113,0.71,24,24,20181125-000323
496,高雄市,鼓山區,1,45816,57.04,77,77,20181125-000323
497,高雄市,鼓山區,2,33547,41.77,77,77,20181125-000323
498,高雄市,鼓山區,3,267,0.33,77,77,20181125-000323
499,高雄市,鼓山區,4,691,0.86,77,77,20181125-000323
500,高雄市,左營區,1,68255,61.99,103,103,20181125-000324
501,高雄市,左營區,2,40525,36.81,103,103,20181125-000324
502,高雄市,左營區,3,346,0.31,103,103,20181125-000324
503,高雄市,左營區,4,978,0.89,103,103,20181125-000324
504,高雄市,楠梓區,1,59478,56.58,99,99,20181125-000324
505,高雄市,楠梓區,2,44288,42.13,99,99,20181125-000324
506,高雄市,楠梓區,3,379,0.36,99,99,20181125-000324
507,高雄市,楠梓區,4,973,0.93,99,99,20181125-000324
508,高雄市,三民區,1,102212,52.79,184,189,20181125-000324
509,高雄市,三民區,2,88847,45.89,184,189,20181125-000324
510,高雄市,三民區,3,751,0.39,184,189,20181125-000324
511,高雄市,三民區,4,1814,0.94,184,189,20181125-000324
512,高雄市,新興區,1,16776,53.34,42,42,20181125-000325
513,高雄市,新興區,2,14237,45.26,42,42,20181125-000325
514,高雄市,新興區,3,107,0.34,42,42,20181125-000325
515,高雄市,新興區,4,334,1.06,42,42,20181125-000325
516,高雄市,前金區,1,9120,53.83,22,22,20181125-000325
517,高雄市,前金區,2,7608,44.91,22,22,20181125-000325
518,高雄市,前金區,3,53,0.31,22,22,20181125-000325
519,高雄市,前金區,4,161,0.95,22,22,20181125-000325
520,高雄市,苓雅區,1,57171,54.6,116,116,20181125-000325
521,高雄市,苓雅區,2,46041,43.97,116,116,20181125-000325
522,高雄市,苓雅區,3,401,0.38,116,116,20181125-000325
523,高雄市,苓雅區,4,1098,1.05,116,116,20181125-000325
524,高雄市,前鎮區,1,58864,52.44,118,119,20181125-000326
525,高雄市,前鎮區,2,51937,46.27,118,119,20181125-000326
526,高雄市,前鎮區,3,471,0.42,118,119,20181125-000326
527,高雄市,前鎮區,4,972,0.87,118,119,20181125-000326
528,高雄市,旗津區,1,7993,45.49,18,18,20181125-000326
529,高雄市,旗津區,2,9360,53.27,18,18,20181125-000326
530,高雄市,旗津區,3,95,0.54,18,18,20181125-000326
531,高雄市,旗津區,4,124,0.71,18,18,20181125-000326
532,高雄市,小港區,1,46675,51.84,87,89,20181125-000326
533,高雄市,小港區,2,42217,46.88,87,89,20181125-000326
534,高雄市,小港區,3,415,0.46,87,89,20181125-000326
535,高雄市,小港區,4,738,0.82,87,89,20181125-000326
536,高雄市,鳳山區,1,109183,56.39,214,228,20181125-000326
537,高雄市,鳳山區,2,81968,42.34,214,228,20181125-000326
538,高雄市,鳳山區,3,831,0.43,214,228,20181125-000326
539,高雄市,鳳山區,4,1623,0.84,214,228,20181125-000326
540,高雄市,林園區,1,20149,47.4,51,51,20181125-000326
541,高雄市,林園區,2,21847,51.4,51,51,20181125-000326
542,高雄市,林園區,3,219,0.52,51,51,20181125-000326
543,高雄市,林園區,4,293,0.69,51,51,20181125-000326
544,高雄市,大寮區,1,35636,52.17,81,81,20181125-000327
545,高雄市,大寮區,2,31773,46.51,81,81,20181125-000327
546,高雄市,大寮區,3,372,0.54,81,81,20181125-000327
547,高雄市,大寮區,4,533,0.78,81,81,20181125-000327
548,高雄市,大樹區,1,12945,48.33,32,32,20181125-000327
549,高雄市,大樹區,2,13493,50.38,32,32,20181125-000327
550,高雄市,大樹區,3,174,0.65,32,32,20181125-000327
551,高雄市,大樹區,4,173,0.65,32,32,20181125-000327
552,高雄市,大社區,1,10378,48.89,24,24,20181125-000328
553,高雄市,大社區,2,10512,49.52,24,24,20181125-000328
554,高雄市,大社區,3,142,0.67,24,24,20181125-000328
555,高雄市,大社區,4,197,0.93,24,24,20181125-000328
556,高雄市,仁武區,1,26659,51.4,47,47,20181125-000328
557,高雄市,仁武區,2,24543,47.32,47,47,20181125-000328
558,高雄市,仁武區,3,250,0.48,47,47,20181125-000328
559,高雄市,仁武區,4,412,0.79,47,47,20181125-000328
560,高雄市,鳥松區,1,14410,52.23,28,28,20181125-000328
561,高雄市,鳥松區,2,12806,46.42,28,28,20181125-000328
562,高雄市,鳥松區,3,115,0.42,28,28,20181125-000328
563,高雄市,鳥松區,4,258,0.94,28,28,20181125-000328
564,高雄市,岡山區,1,31280,54.86,70,72,20181125-000328
565,高雄市,岡山區,2,25007,43.86,70,72,20181125-000328
566,高雄市,岡山區,3,305,0.53,70,72,20181125-000328
567,高雄市,岡山區,4,429,0.75,70,72,20181125-000328
568,高雄市,橋頭區,1,10888,44.45,31,31,20181125-000328
569,高雄市,橋頭區,2,13256,54.11,31,31,20181125-000328
570,高雄市,橋頭區,3,146,0.6,31,31,20181125-000328
571,高雄市,橋頭區,4,207,0.85,31,31,20181125-000328
572,高雄市,燕巢區,1,9448,50.88,25,25,20181125-000329
573,高雄市,燕巢區,2,8871,47.77,25,25,20181125-000329
574,高雄市,燕巢區,3,120,0.65,25,25,20181125-000329
575,高雄市,燕巢區,4,130,0.7,25,25,20181125-000329
576,高雄市,田寮區,1,2252,43.58,12,12,20181125-000329
577,高雄市,田寮區,2,2768,53.56,12,12,20181125-000329
578,高雄市,田寮區,3,135,2.61,12,12,20181125-000329
579,高雄市,田寮區,4,13,0.25,12,12,20181125-000329
580,高雄市,阿蓮區,1,8322,47.12,21,21,20181125-000330
581,高雄市,阿蓮區,2,8958,50.72,21,21,20181125-000330
582,高雄市,阿蓮區,3,254,1.44,21,21,20181125-000330
583,高雄市,阿蓮區,4,126,0.71,21,21,20181125-000330
584,高雄市,路竹區,1,16545,52.43,41,41,20181125-000330
585,高雄市,路竹區,2,14407,45.66,41,41,20181125-000330
586,高雄市,路竹區,3,319,1.01,41,41,20181125-000330
587,高雄市,路竹區,4,284,0.9,41,41,20181125-000330
588,高雄市,湖內區,1,9133,49.67,24,24,20181125-000330
589,高雄市,湖內區,2,8903,48.42,24,24,20181125-000330
590,高雄市,湖內區,3,187,1.02,24,24,20181125-000330
591,高雄市,湖內區,4,164,0.89,24,24,20181125-000330
592,高雄市,茄萣區,1,8662,47.72,21,21,20181125-000331
593,高雄市,茄萣區,2,9209,50.74,21,21,20181125-000331
594,高雄市,茄萣區,3,152,0.84,21,21,20181125-000331
595,高雄市,茄萣區,4,127,0.7,21,21,20181125-000331
596,高雄市,永安區,1,4545,49.62,12,12,20181125-000331
597,高雄市,永安區,2,4478,48.89,12,12,20181125-000331
598,高雄市,永安區,3,61,0.67,12,12,20181125-000331
599,高雄市,永安區,4,76,0.83,12,12,20181125-000331
600,高雄市,彌陀區,1,6756,52.77,18,18,20181125-000331
601,高雄市,彌陀區,2,5871,45.86,18,18,20181125-000331
602,高雄市,彌陀區,3,86,0.67,18,18,20181125-000331
603,高雄市,彌陀區,4,89,0.7,18,18,20181125-000331
604,高雄市,梓官區,1,10509,46.81,28,28,20181125-000331
605,高雄市,梓官區,2,11646,51.87,28,28,20181125-000331
606,高雄市,梓官區,3,129,0.57,28,28,20181125-000331
607,高雄市,梓官區,4,168,0.75,28,28,20181125-000331
608,高雄市,旗山區,1,12379,52.34,35,35,20181125-000331
609,高雄市,旗山區,2,10940,46.26,35,35,20181125-000331
610,高雄市,旗山區,3,155,0.66,35,35,20181125-000331
611,高雄市,旗山區,4,177,0.75,35,35,20181125-000331
612,高雄市,美濃區,1,15478,61.09,32,32,20181125-000332
613,高雄市,美濃區,2,9546,37.68,32,32,20181125-000332
614,高雄市,美濃區,3,125,0.49,32,32,20181125-000332
615,高雄市,美濃區,4,186,0.73,32,32,20181125-000332
616,高雄市,六龜區,1,4084,54.29,12,12,20181125-000333
617,高雄市,六龜區,2,3315,44.07,12,12,20181125-000333
618,高雄市,六龜區,3,64,0.85,12,12,20181125-000333
619,高雄市,六龜區,4,59,0.78,12,12,20181125-000333
620,高雄市,甲仙區,1,2339,60.17,7,7,20181125-000333
621,高雄市,甲仙區,2,1483,38.15,7,7,20181125-000333
622,高雄市,甲仙區,3,35,0.9,7,7,20181125-000333
623,高雄市,甲仙區,4,30,0.77,7,7,20181125-000333
624,高雄市,杉林區,1,4129,56.45,10,10,20181125-000333
625,高雄市,杉林區,2,3076,42.05,10,10,20181125-000333
626,高雄市,杉林區,3,53,0.72,10,10,20181125-000333
627,高雄市,杉林區,4,57,0.78,10,10,20181125-000333
628,高雄市,內門區,1,5446,53.81,18,18,20181125-000334
629,高雄市,內門區,2,4510,44.57,18,18,20181125-000334
630,高雄市,內門區,3,85,0.84,18,18,20181125-000334
631,高雄市,內門區,4,79,0.78,18,18,20181125-000334
632,高雄市,茂林區,1,1281,91.83,3,3,20181125-000334
633,高雄市,茂林區,2,107,7.67,3,3,20181125-000334
634,高雄市,茂林區,3,6,0.43,3,3,20181125-000334
635,高雄市,茂林區,4,1,0.07,3,3,20181125-000334
636,高雄市,桃源區,1,2519,88.51,8,8,20181125-000335
637,高雄市,桃源區,2,304,10.68,8,8,20181125-000335
638,高雄市,桃源區,3,14,0.49,8,8,20181125-000335
639,高雄市,桃源區,4,9,0.32,8,8,20181125-000335
640,高雄市,那瑪夏區,1,1751,85.08,4,4,20181125-000335
641,高雄市,那瑪夏區,2,295,14.33,4,4,20181125-000335
642,高雄市,那瑪夏區,3,10,0.49,4,4,20181125-000335
643,高雄市,那瑪夏區,4,2,0.1,4,4,20181125-000335
644,新竹縣,竹北市,1,20579,33.0,79,103,20181125-000335
645,新竹縣,竹北市,2,1451,2.33,79,103,20181125-000335
646,新竹縣,竹北市,3,16609,26.64,79,103,20181125-000335
647,新竹縣,竹北市,4,23714,38.03,79,103,20181125-000335
648,新竹縣,竹東鎮,1,19095,42.05,70,72,20181125-000335
649,新竹縣,竹東鎮,2,771,1.7,70,72,20181125-000335
650,新竹縣,竹東鎮,3,13195,29.06,70,72,20181125-000335
651,新竹縣,竹東鎮,4,12351,27.2,70,72,20181125-000335
652,新竹縣,新埔鎮,1,6982,35.99,30,30,20181125-000335
653,新竹縣,新埔鎮,2,317,1.63,30,30,20181125-000335
654,新竹縣,新埔鎮,3,6239,32.16,30,30,20181125-000335
655,新竹縣,新埔鎮,4,5861,30.21,30,30,20181125-000335
656,新竹縣,關西鎮,1,6017,35.7,27,27,20181125-000336
657,新竹縣,關西鎮,2,217,1.29,27,27,20181125-000336
658,新竹縣,關西鎮,3,4905,29.1,27,27,20181125-000336
659,新竹縣,關西鎮,4,5715,33.91,27,27,20181125-000336
660,新竹縣,湖口鄉,1,13021,39.8,39,47,20181125-000336
661,新竹縣,湖口鄉,2,585,1.79,39,47,20181125-000336
662,新竹縣,湖口鄉,3,8201,25.07,39,47,20181125-000336
663,新竹縣,湖口鄉,4,10908,33.34,39,47,20181125-000336
664,新竹縣,新豐鄉,1,9163,33.69,37,39,20181125-000336
665,新竹縣,新豐鄉,2,447,1.64,37,39,20181125-000336
666,新竹縣,新豐鄉,3,7554,27.77,37,39,20181125-000336
667,新竹縣,新豐鄉,4,10038,36.9,37,39,20181125-000336
668,新竹縣,芎林鄉,1,4876,40.07,19,19,20181125-000336
669,新竹縣,芎林鄉,2,216,1.78,19,19,20181125-000336
670,新竹縣,芎林鄉,3,3702,30.42,19,19,20181125-000336
671,新竹縣,芎林鄉,4,3374,27.73,19,19,20181125-000336
672,新竹縣,橫山鄉,1,3624,44.23,16,16,20181125-000337
673,新竹縣,橫山鄉,2,152,1.86,16,16,20181125-000337
674,新竹縣,橫山鄉,3,2278,27.8,16,16,20181125-000337
675,新竹縣,橫山鄉,4,2140,26.12,16,16,20181125-000337
676,新竹縣,北埔鄉,1,2769,46.27,10,10,20181125-000338
677,新竹縣,北埔鄉,2,115,1.92,10,10,20181125-000338
678,新竹縣,北埔鄉,3,1741,29.09,10,10,20181125-000338
679,新竹縣,北埔鄉,4,1359,22.71,10,10,20181125-000338
680,新竹縣,寶山鄉,1,4172,45.93,12,12,20181125-000338
681,新竹縣,寶山鄉,2,133,1.46,12,12,20181125-000338
682,新竹縣,寶山鄉,3,2465,27.14,12,12,20181125-000338
683,新竹縣,寶山鄉,4,2313,25.47,12,12,20181125-000338
684,新竹縣,峨眉鄉,1,2218,53.52,8,8,20181125-000338
685,新竹縣,峨眉鄉,2,57,1.38,8,8,20181125-000338
686,新竹縣,峨眉鄉,3,1123,27.1,8,8,20181125-000338
687,新竹縣,峨眉鄉,4,746,18.0,8,8,20181125-000338
688,新竹縣,尖石鄉,1,2836,51.39,15,15,20181125-000339
689,新竹縣,尖石鄉,2,68,1.23,15,15,20181125-000339
690,新竹縣,尖石鄉,3,1525,27.63,15,15,20181125-000339
691,新竹縣,尖石鄉,4,1090,19.75,15,15,20181125-000339
692,新竹縣,五峰鄉,1,1398,45.33,6,6,20181125-000339
693,新竹縣,五峰鄉,2,23,0.75,6,6,20181125-000339
694,新竹縣,五峰鄉,3,963,31.23,6,6,20181125-000339
695,新竹縣,五峰鄉,4,700,22.7,6,6,20181125-000339
696,苗栗縣,苗栗市,1,1070,2.31,67,67,20181125-000339
697,苗栗縣,苗栗市,2,15711,33.92,67,67,20181125-000339
698,苗栗縣,苗栗市,3,1158,2.5,67,67,20181125-000339
699,苗栗縣,苑裡鎮,1,732,2.81,40,40,20181125-000339
700,苗栗縣,苑裡鎮,2,10002,38.35,40,40,20181125-000339
701,苗栗縣,苑裡鎮,3,1023,3.92,40,40,20181125-000339
702,苗栗縣,通霄鎮,1,567,2.73,34,34,20181125-000340
703,苗栗縣,通霄鎮,2,10375,49.99,34,34,20181125-000340
704,苗栗縣,通霄鎮,3,841,4.05,34,34,20181125-000340
705,苗栗縣,竹南鎮,1,1138,2.7,61,61,20181125-000340
706,苗栗縣,竹南鎮,2,16806,39.95,61,61,20181125-000340
707,苗栗縣,竹南鎮,3,1342,3.19,61,61,20181125-000340
708,苗栗縣,頭份市,1,816,1.57,71,71,20181125-000340
709,苗栗縣,頭份市,2,17558,33.81,71,71,20181125-000340
710,苗栗縣,頭份市,3,1421,2.74,71,71,20181125-000340
711,苗栗縣,後龍鎮,1,489,2.29,35,35,20181125-000340
712,苗栗縣,後龍鎮,2,10631,49.69,35,35,20181125-000340
713,苗栗縣,後龍鎮,3,717,3.35,35,35,20181125-000340
714,苗栗縣,卓蘭鎮,1,435,4.01,19,19,20181125-000341
715,苗栗縣,卓蘭鎮,2,3315,30.57,19,19,20181125-000341
716,苗栗縣,卓蘭鎮,3,378,3.49,19,19,20181125-000341
717,苗栗縣,大湖鄉,1,305,3.5,15,15,20181125-000341
718,苗栗縣,大湖鄉,2,2791,32.07,15,15,20181125-000341
719,苗栗縣,大湖鄉,3,225,2.59,15,15,20181125-000341
720,苗栗縣,公館鄉,1,362,1.93,28,28,20181125-000341
721,苗栗縣,公館鄉,2,6446,34.28,28,28,20181125-000341
722,苗栗縣,公館鄉,3,449,2.39,28,28,20181125-000341
723,苗栗縣,銅鑼鄉,1,180,1.68,16,16,20181125-000341
724,苗栗縣,銅鑼鄉,2,3894,36.42,16,16,20181125-000341
725,苗栗縣,銅鑼鄉,3,286,2.68,16,16,20181125-000341
726,苗栗縣,南庄鄉,1,91,1.51,9,9,20181125-000342
727,苗栗縣,南庄鄉,2,1814,30.02,9,9,20181125-000342
728,苗栗縣,南庄鄉,3,124,2.05,9,9,20181125-000342
729,苗栗縣,頭屋鄉,1,108,1.45,12,12,20181125-000342
730,苗栗縣,頭屋鄉,2,2307,31.05,12,12,20181125-000342
731,苗栗縣,頭屋鄉,3,151,2.03,12,12,20181125-000342
732,苗栗縣,三義鄉,1,178,1.8,16,16,20181125-000342
733,苗栗縣,三義鄉,2,3540,35.78,16,16,20181125-000342
734,苗栗縣,三義鄉,3,330,3.34,16,16,20181125-000342
735,苗栗縣,西湖鄉,1,72,1.54,9,9,20181125-000342
736,苗栗縣,西湖鄉,2,1685,35.95,9,9,20181125-000342
737,苗栗縣,西湖鄉,3,113,2.41,9,9,20181125-000342
738,苗栗縣,造橋鄉,1,145,1.97,12,12,20181125-000342
739,苗栗縣,造橋鄉,2,2561,34.87,12,12,20181125-000342
740,苗栗縣,造橋鄉,3,194,2.64,12,12,20181125-000342
741,苗栗縣,三灣鄉,1,62,1.51,9,9,20181125-000343
742,苗栗縣,三灣鄉,2,1192,28.97,9,9,20181125-000343
743,苗栗縣,三灣鄉,3,93,2.26,9,9,20181125-000343
744,苗栗縣,獅潭鄉,1,51,1.74,7,7,20181125-000343
745,苗栗縣,獅潭鄉,2,758,25.85,7,7,20181125-000343
746,苗栗縣,獅潭鄉,3,73,2.49,7,7,20181125-000343
747,苗栗縣,泰安鄉,1,79,1.82,10,10,20181125-000343
748,苗栗縣,泰安鄉,2,1318,30.38,10,10,20181125-000343
749,苗栗縣,泰安鄉,3,112,2.58,10,10,20181125-000343
750,彰化縣,彰化市,1,42185,37.99,166,184,20181125-000343
751,彰化縣,彰化市,2,59067,53.19,166,184,20181125-000343
752,彰化縣,彰化市,3,1245,1.12,166,184,20181125-000343
753,彰化縣,彰化市,4,7275,6.55,166,184,20181125-000343
754,彰化縣,彰化市,5,1274,1.15,166,184,20181125-000343
755,彰化縣,鹿港鎮,1,18379,38.77,65,65,20181125-000343
756,彰化縣,鹿港鎮,2,27397,57.8,65,65,20181125-000343
757,彰化縣,鹿港鎮,3,266,0.56,65,65,20181125-000343
758,彰化縣,鹿港鎮,4,1147,2.42,65,65,20181125-000343
759,彰化縣,鹿港鎮,5,212,0.45,65,65,20181125-000343
760,彰化縣,和美鎮,1,17596,35.82,68,68,20181125-000344
761,彰化縣,和美鎮,2,29004,59.04,68,68,20181125-000344
762,彰化縣,和美鎮,3,421,0.86,68,68,20181125-000344
763,彰化縣,和美鎮,4,1745,3.55,68,68,20181125-000344
764,彰化縣,和美鎮,5,363,0.74,68,68,20181125-000344
765,彰化縣,線西鄉,1,2818,28.46,12,12,20181125-000344
766,彰化縣,線西鄉,2,6615,66.82,12,12,20181125-000344
767,彰化縣,線西鄉,3,90,0.91,12,12,20181125-000344
768,彰化縣,線西鄉,4,314,3.17,12,12,20181125-000344
769,彰化縣,線西鄉,5,63,0.64,12,12,20181125-000344
770,彰化縣,伸港鄉,1,6883,33.55,28,28,20181125-000344
771,彰化縣,伸港鄉,2,12781,62.3,28,28,20181125-000344
772,彰化縣,伸港鄉,3,135,0.66,28,28,20181125-000344
773,彰化縣,伸港鄉,4,615,3.0,28,28,20181125-000344
774,彰化縣,伸港鄉,5,101,0.49,28,28,20181125-000344
775,彰化縣,福興鄉,1,8730,38.32,29,33,20181125-000344
776,彰化縣,福興鄉,2,13056,57.31,29,33,20181125-000344
777,彰化縣,福興鄉,3,199,0.87,29,33,20181125-000344
778,彰化縣,福興鄉,4,661,2.9,29,33,20181125-000344
779,彰化縣,福興鄉,5,135,0.59,29,33,20181125-000344
780,彰化縣,秀水鄉,1,7953,35.67,32,32,20181125-000345
781,彰化縣,秀水鄉,2,13132,58.9,32,32,20181125-000345
782,彰化縣,秀水鄉,3,173,0.78,32,32,20181125-000345
783,彰化縣,秀水鄉,4,836,3.75,32,32,20181125-000345
784,彰化縣,秀水鄉,5,203,0.91,32,32,20181125-000345
785,彰化縣,花壇鄉,1,9373,36.85,36,37,20181125-000345
786,彰化縣,花壇鄉,2,14093,55.41,36,37,20181125-000345
787,彰化縣,花壇鄉,3,378,1.49,36,37,20181125-000345
788,彰化縣,花壇鄉,4,1323,5.2,36,37,20181125-000345
789,彰化縣,花壇鄉,5,266,1.05,36,37,20181125-000345
790,彰化縣,芬園鄉,1,6415,46.08,21,21,20181125-000345
791,彰化縣,芬園鄉,2,6594,47.37,21,21,20181125-000345
792,彰化縣,芬園鄉,3,119,0.85,21,21,20181125-000345
793,彰化縣,芬園鄉,4,669,4.81,21,21,20181125-000345
794,彰化縣,芬園鄉,5,124,0.89,21,21,20181125-000345
795,彰化縣,員林市,1,24001,41.62,89,98,20181125-000345
796,彰化縣,員林市,2,28875,50.07,89,98,20181125-000345
797,彰化縣,員林市,3,635,1.1,89,98,20181125-000345
798,彰化縣,員林市,4,3368,5.84,89,98,20181125-000345
799,彰化縣,員林市,5,785,1.36,89,98,20181125-000345
800,彰化縣,溪湖鎮,1,11899,38.86,42,42,20181125-000346
801,彰化縣,溪湖鎮,2,16431,53.67,42,42,20181125-000346
802,彰化縣,溪湖鎮,3,284,0.93,42,42,20181125-000346
803,彰化縣,溪湖鎮,4,1479,4.83,42,42,20181125-000346
804,彰化縣,溪湖鎮,5,524,1.71,42,42,20181125-000346
805,彰化縣,田中鎮,1,9814,43.8,35,36,20181125-000346
806,彰化縣,田中鎮,2,11022,49.19,35,36,20181125-000346
807,彰化縣,田中鎮,3,242,1.08,35,36,20181125-000346
808,彰化縣,田中鎮,4,1104,4.93,35,36,20181125-000346
809,彰化縣,田中鎮,5,223,1.0,35,36,20181125-000346
810,彰化縣,大村鄉,1,8835,41.4,27,27,20181125-000346
811,彰化縣,大村鄉,2,10826,50.73,27,27,20181125-000346
812,彰化縣,大村鄉,3,235,1.1,27,27,20181125-000346
813,彰化縣,大村鄉,4,1218,5.71,27,27,20181125-000346
814,彰化縣,大村鄉,5,227,1.06,27,27,20181125-000346
815,彰化縣,埔鹽鄉,1,6620,32.43,29,29,20181125-000346
816,彰化縣,埔鹽鄉,2,12415,60.82,29,29,20181125-000346
817,彰化縣,埔鹽鄉,3,200,0.98,29,29,20181125-000346
818,彰化縣,埔鹽鄉,4,943,4.62,29,29,20181125-000346
819,彰化縣,埔鹽鄉,5,236,1.16,29,29,20181125-000346
820,彰化縣,埔心鄉,1,9295,45.43,31,31,20181125-000347
821,彰化縣,埔心鄉,2,9694,47.38,31,31,20181125-000347
822,彰化縣,埔心鄉,3,195,0.95,31,31,20181125-000347
823,彰化縣,埔心鄉,4,1044,5.1,31,31,20181125-000347
824,彰化縣,埔心鄉,5,232,1.13,31,31,20181125-000347
825,彰化縣,永靖鄉,1,9751,45.35,34,34,20181125-000347
826,彰化縣,永靖鄉,2,10057,46.77,34,34,20181125-000347
827,彰化縣,永靖鄉,3,253,1.18,34,34,20181125-000347
828,彰化縣,永靖鄉,4,1188,5.53,34,34,20181125-000347
829,彰化縣,永靖鄉,5,252,1.17,34,34,20181125-000347
830,彰化縣,社頭鄉,1,10864,44.6,38,38,20181125-000347
831,彰化縣,社頭鄉,2,11703,48.04,38,38,20181125-000347
832,彰化縣,社頭鄉,3,502,2.06,38,38,20181125-000347
833,彰化縣,社頭鄉,4,1094,4.49,38,38,20181125-000347
834,彰化縣,社頭鄉,5,196,0.8,38,38,20181125-000347
835,彰化縣,二水鄉,1,4775,49.11,17,17,20181125-000347
836,彰化縣,二水鄉,2,4452,45.79,17,17,20181125-000347
837,彰化縣,二水鄉,3,78,0.8,17,17,20181125-000347
838,彰化縣,二水鄉,4,357,3.67,17,17,20181125-000347
839,彰化縣,二水鄉,5,61,0.63,17,17,20181125-000347
840,彰化縣,北斗鎮,1,7863,42.83,30,30,20181125-000347
841,彰化縣,北斗鎮,2,9082,49.47,30,30,20181125-000347
842,彰化縣,北斗鎮,3,199,1.08,30,30,20181125-000347
843,彰化縣,北斗鎮,4,1013,5.52,30,30,20181125-000347
844,彰化縣,北斗鎮,5,202,1.1,30,30,20181125-000347
845,彰化縣,二林鎮,1,10868,37.78,39,39,20181125-000348
846,彰化縣,二林鎮,2,15652,54.42,39,39,20181125-000348
847,彰化縣,二林鎮,3,349,1.21,39,39,20181125-000348
848,彰化縣,二林鎮,4,1496,5.2,39,39,20181125-000348
849,彰化縣,二林鎮,5,399,1.39,39,39,20181125-000348
850,彰化縣,田尾鄉,1,6720,42.16,25,25,20181125-000348
851,彰化縣,田尾鄉,2,7946,49.86,25,25,20181125-000348
852,彰化縣,田尾鄉,3,214,1.34,25,25,20181125-000348
853,彰化縣,田尾鄉,4,892,5.6,25,25,20181125-000348
854,彰化縣,田尾鄉,5,166,1.04,25,25,20181125-000348
855,彰化縣,埤頭鄉,1,7095,42.06,27,27,20181125-000349
856,彰化縣,埤頭鄉,2,8548,50.67,27,27,20181125-000349
857,彰化縣,埤頭鄉,3,191,1.13,27,27,20181125-000349
858,彰化縣,埤頭鄉,4,852,5.05,27,27,20181125-000349
859,彰化縣,埤頭鄉,5,183,1.08,27,27,20181125-000349
860,彰化縣,芳苑鄉,1,8818,44.8,36,36,20181125-000349
861,彰化縣,芳苑鄉,2,9404,47.78,36,36,20181125-000349
862,彰化縣,芳苑鄉,3,213,1.08,36,36,20181125-000349
863,彰化縣,芳苑鄉,4,1005,5.11,36,36,20181125-000349
864,彰化縣,芳苑鄉,5,241,1.22,36,36,20181125-000349
865,彰化縣,大城鄉,1,4013,43.29,17,17,20181125-000349
866,彰化縣,大城鄉,2,4708,50.78,17,17,20181125-000349
867,彰化縣,大城鄉,3,92,0.99,17,17,20181125-000349
868,彰化縣,大城鄉,4,347,3.74,17,17,20181125-000349
869,彰化縣,大城鄉,5,111,1.2,17,17,20181125-000349
870,彰化縣,竹塘鄉,1,4424,47.2,16,16,20181125-000350
871,彰化縣,竹塘鄉,2,4333,46.23,16,16,20181125-000350
872,彰化縣,竹塘鄉,3,89,0.95,16,16,20181125-000350
873,彰化縣,竹塘鄉,4,423,4.51,16,16,20181125-000350
874,彰化縣,竹塘鄉,5,104,1.11,16,16,20181125-000350
875,彰化縣,溪州鄉,1,7731,45.03,27,27,20181125-000350
876,彰化縣,溪州鄉,2,8290,48.28,27,27,20181125-000350
877,彰化縣,溪州鄉,3,157,0.91,27,27,20181125-000350
878,彰化縣,溪州鄉,4,837,4.87,27,27,20181125-000350
879,彰化縣,溪州鄉,5,155,0.9,27,27,20181125-000350
880,南投縣,南投市,1,39008,68.02,84,84,20181125-000350
881,南投縣,南投市,2,18342,31.98,84,84,20181125-000350
882,南投縣,埔里鎮,1,30413,70.07,66,68,20181125-000350
883,南投縣,埔里鎮,2,12991,29.93,66,68,20181125-000350
884,南投縣,草屯鎮,1,29301,53.74,75,76,20181125-000350
885,南投縣,草屯鎮,2,25224,46.26,75,76,20181125-000350
886,南投縣,竹山鎮,1,21162,68.0,53,53,20181125-000351
887,南投縣,竹山鎮,2,9960,32.0,53,53,20181125-000351
888,南投縣,集集鎮,1,4774,68.63,13,13,20181125-000351
889,南投縣,集集鎮,2,2182,31.37,13,13,20181125-000351
890,南投縣,名間鄉,1,15432,64.75,37,37,20181125-000351
891,南投縣,名間鄉,2,8400,35.25,37,37,20181125-000351
892,南投縣,鹿谷鄉,1,8156,72.48,21,21,20181125-000352
893,南投縣,鹿谷鄉,2,3096,27.52,21,21,20181125-000352
894,南投縣,中寮鄉,1,6940,70.31,24,24,20181125-000352
895,南投縣,中寮鄉,2,2931,29.69,24,24,20181125-000352
896,南投縣,魚池鄉,1,6810,68.99,25,25,20181125-000352
897,南投縣,魚池鄉,2,3061,31.01,25,25,20181125-000352
898,南投縣,國姓鄉,1,8152,68.21,20,20,20181125-000352
899,南投縣,國姓鄉,2,3799,31.79,20,20,20181125-000352
900,南投縣,水里鄉,1,7621,69.89,22,22,20181125-000352
901,南投縣,水里鄉,2,3284,30.11,22,22,20181125-000352
902,南投縣,信義鄉,1,7902,80.96,20,20,20181125-000353
903,南投縣,信義鄉,2,1858,19.04,20,20,20181125-000353
904,南投縣,仁愛鄉,1,8037,84.82,25,25,20181125-000353
905,南投縣,仁愛鄉,2,1438,15.18,25,25,20181125-000353
906,雲林縣,斗六市,1,1055,1.81,69,69,20181125-000353
907,雲林縣,斗六市,2,22922,39.39,69,69,20181125-000353
908,雲林縣,斗六市,3,2161,3.71,69,69,20181125-000353
909,雲林縣,斗六市,4,32050,55.08,69,69,20181125-000353
910,雲林縣,斗南鎮,1,475,1.84,33,33,20181125-000353
911,雲林縣,斗南鎮,2,11005,42.61,33,33,20181125-000353
912,雲林縣,斗南鎮,3,901,3.49,33,33,20181125-000353
913,雲林縣,斗南鎮,4,13445,52.06,33,33,20181125-000353
914,雲林縣,虎尾鎮,1,743,1.95,46,46,20181125-000354
915,雲林縣,虎尾鎮,2,14381,37.68,46,46,20181125-000354
916,雲林縣,虎尾鎮,3,1697,4.45,46,46,20181125-000354
917,雲林縣,虎尾鎮,4,21349,55.93,46,46,20181125-000354
918,雲林縣,西螺鎮,1,392,1.52,34,34,20181125-000354
919,雲林縣,西螺鎮,2,12644,48.96,34,34,20181125-000354
920,雲林縣,西螺鎮,3,679,2.63,34,34,20181125-000354
921,雲林縣,西螺鎮,4,12109,46.89,34,34,20181125-000354
922,雲林縣,土庫鎮,1,275,1.58,29,29,20181125-000354
923,雲林縣,土庫鎮,2,6368,36.69,29,29,20181125-000354
924,雲林縣,土庫鎮,3,578,3.33,29,29,20181125-000354
925,雲林縣,土庫鎮,4,10136,58.4,29,29,20181125-000354
926,雲林縣,北港鎮,1,334,1.44,41,41,20181125-000354
927,雲林縣,北港鎮,2,10941,47.13,41,41,20181125-000354
928,雲林縣,北港鎮,3,514,2.21,41,41,20181125-000354
929,雲林縣,北港鎮,4,11426,49.22,41,41,20181125-000354
930,雲林縣,古坑鄉,1,283,1.52,27,27,20181125-000355
931,雲林縣,古坑鄉,2,7693,41.45,27,27,20181125-000355
932,雲林縣,古坑鄉,3,496,2.67,27,27,20181125-000355
933,雲林縣,古坑鄉,4,10087,54.35,27,27,20181125-000355
934,雲林縣,大埤鄉,1,190,1.62,18,18,20181125-000355
935,雲林縣,大埤鄉,2,4860,41.37,18,18,20181125-000355
936,雲林縣,大埤鄉,3,359,3.06,18,18,20181125-000355
937,雲林縣,大埤鄉,4,6339,53.96,18,18,20181125-000355
938,雲林縣,莿桐鄉,1,323,1.84,22,22,20181125-000355
939,雲林縣,莿桐鄉,2,8445,48.24,22,22,20181125-000355
940,雲林縣,莿桐鄉,3,521,2.98,22,22,20181125-000355
941,雲林縣,莿桐鄉,4,8218,46.94,22,22,20181125-000355
942,雲林縣,林內鄉,1,125,1.19,15,15,20181125-000356
943,雲林縣,林內鄉,2,4928,46.72,15,15,20181125-000356
944,雲林縣,林內鄉,3,260,2.47,15,15,20181125-000356
945,雲林縣,林內鄉,4,5234,49.63,15,15,20181125-000356
946,雲林縣,二崙鄉,1,240,1.52,23,23,20181125-000356
947,雲林縣,二崙鄉,2,7708,48.78,23,23,20181125-000356
948,雲林縣,二崙鄉,3,392,2.48,23,23,20181125-000356
949,雲林縣,二崙鄉,4,7461,47.22,23,23,20181125-000356
950,雲林縣,崙背鄉,1,209,1.44,20,20,20181125-000356
951,雲林縣,崙背鄉,2,5987,41.25,20,20,20181125-000356
952,雲林縣,崙背鄉,3,357,2.46,20,20,20181125-000356
953,雲林縣,崙背鄉,4,7961,54.85,20,20,20181125-000356
954,雲林縣,麥寮鄉,1,340,1.49,28,28,20181125-000357
955,雲林縣,麥寮鄉,2,6429,28.12,28,28,20181125-000357
956,雲林縣,麥寮鄉,3,542,2.37,28,28,20181125-000357
957,雲林縣,麥寮鄉,4,15550,68.02,28,28,20181125-000357
958,雲林縣,東勢鄉,1,117,1.18,15,15,20181125-000357
959,雲林縣,東勢鄉,2,3902,39.49,15,15,20181125-000357
960,雲林縣,東勢鄉,3,174,1.76,15,15,20181125-000357
961,雲林縣,東勢鄉,4,5687,57.56,15,15,20181125-000357
962,雲林縣,褒忠鄉,1,100,1.15,14,14,20181125-000357
963,雲林縣,褒忠鄉,2,3638,41.81,14,14,20181125-000357
964,雲林縣,褒忠鄉,3,217,2.49,14,14,20181125-000357
965,雲林縣,褒忠鄉,4,4746,54.55,14,14,20181125-000357
966,雲林縣,臺西鄉,1,175,1.26,22,22,20181125-000358
967,雲林縣,臺西鄉,2,4600,33.11,22,22,20181125-000358
968,雲林縣,臺西鄉,3,283,2.04,22,22,20181125-000358
969,雲林縣,臺西鄉,4,8833,63.59,22,22,20181125-000358
970,雲林縣,元長鄉,1,267,1.75,25,25,20181125-000358
971,雲林縣,元長鄉,2,6483,42.41,25,25,20181125-000358
972,雲林縣,元長鄉,3,418,2.73,25,25,20181125-000358
973,雲林縣,元長鄉,4,8118,53.11,25,25,20181125-000358
974,雲林縣,四湖鄉,1,118,0.95,25,25,20181125-000359
975,雲林縣,四湖鄉,2,5728,46.04,25,25,20181125-000359
976,雲林縣,四湖鄉,3,212,1.7,25,25,20181125-000359
977,雲林縣,四湖鄉,4,6384,51.31,25,25,20181125-000359
978,雲林縣,口湖鄉,1,195,1.2,25,25,20181125-000359
979,雲林縣,口湖鄉,2,7059,43.5,25,25,20181125-000359
980,雲林縣,口湖鄉,3,236,1.45,25,25,20181125-000359
981,雲林縣,口湖鄉,4,8739,53.85,25,25,20181125-000359
982,雲林縣,水林鄉,1,207,1.38,26,26,20181125-000359
983,雲林縣,水林鄉,2,7604,50.78,26,26,20181125-000359
984,雲林縣,水林鄉,3,264,1.76,26,26,20181125-000359
985,雲林縣,水林鄉,4,6898,46.07,26,26,20181125-000359
986,嘉義縣,太保市,1,10506,51.8,33,33,20181125-000400
987,嘉義縣,太保市,2,3395,16.74,33,33,20181125-000400
988,嘉義縣,太保市,3,288,1.42,33,33,20181125-000400
989,嘉義縣,太保市,4,6092,30.04,33,33,20181125-000400
990,嘉義縣,朴子市,1,11907,53.77,35,35,20181125-000400
991,嘉義縣,朴子市,2,3655,16.5,35,35,20181125-000400
992,嘉義縣,朴子市,3,405,1.83,35,35,20181125-000400
993,嘉義縣,朴子市,4,6178,27.9,35,35,20181125-000400
994,嘉義縣,布袋鎮,1,8244,54.47,29,29,20181125-000400
995,嘉義縣,布袋鎮,2,1569,10.37,29,29,20181125-000400
996,嘉義縣,布袋鎮,3,269,1.78,29,29,20181125-000400
997,嘉義縣,布袋鎮,4,5053,33.39,29,29,20181125-000400
998,嘉義縣,大林鎮,1,7976,45.35,25,25,20181125-000401
999,嘉義縣,大林鎮,2,3945,22.43,25,25,20181125-000401
1000,嘉義縣,大林鎮,3,242,1.38,25,25,20181125-000401
1001,嘉義縣,大林鎮,4,5426,30.85,25,25,20181125-000401
1002,嘉義縣,民雄鄉,1,16610,44.82,44,45,20181125-000401
1003,嘉義縣,民雄鄉,2,8029,21.67,44,45,20181125-000401
1004,嘉義縣,民雄鄉,3,629,1.7,44,45,20181125-000401
1005,嘉義縣,民雄鄉,4,11790,31.81,44,45,20181125-000401
1006,嘉義縣,溪口鄉,1,4932,54.43,17,17,20181125-000403
1007,嘉義縣,溪口鄉,2,1820,20.08,17,17,20181125-000403
1008,嘉義縣,溪口鄉,3,211,2.33,17,17,20181125-000403
1009,嘉義縣,溪口鄉,4,2099,23.16,17,17,20181125-000403
1010,嘉義縣,新港鄉,1,10986,58.72,31,31,20181125-000403
1011,嘉義縣,新港鄉,2,3095,16.54,31,31,20181125-000403
1012,嘉義縣,新港鄉,3,329,1.76,31,31,20181125-000403
1013,嘉義縣,新港鄉,4,4298,22.97,31,31,20181125-000403
1014,嘉義縣,六腳鄉,1,7675,60.65,30,30,20181125-000404
1015,嘉義縣,六腳鄉,2,1740,13.75,30,30,20181125-000404
1016,嘉義縣,六腳鄉,3,250,1.98,30,30,20181125-000404
1017,嘉義縣,六腳鄉,4,2989,23.62,30,30,20181125-000404
1018,嘉義縣,東石鄉,1,7275,54.97,27,27,20181125-000404
1019,嘉義縣,東石鄉,2,2532,19.13,27,27,20181125-000404
1020,嘉義縣,東石鄉,3,234,1.77,27,27,20181125-000404
1021,嘉義縣,東石鄉,4,3193,24.13,27,27,20181125-000404
1022,嘉義縣,義竹鄉,1,8500,70.93,26,26,20181125-000404
1023,嘉義縣,義竹鄉,2,938,7.83,26,26,20181125-000404
1024,嘉義縣,義竹鄉,3,132,1.1,26,26,20181125-000404
1025,嘉義縣,義竹鄉,4,2414,20.14,26,26,20181125-000404
1026,嘉義縣,鹿草鄉,1,5411,60.44,20,20,20181125-000405
1027,嘉義縣,鹿草鄉,2,844,9.43,20,20,20181125-000405
1028,嘉義縣,鹿草鄉,3,152,1.7,20,20,20181125-000405
1029,嘉義縣,鹿草鄉,4,2545,28.43,20,20,20181125-000405
1030,嘉義縣,水上鄉,1,13451,50.62,38,39,20181125-000405
1031,嘉義縣,水上鄉,2,3392,12.77,38,39,20181125-000405
1032,嘉義縣,水上鄉,3,441,1.66,38,39,20181125-000405
1033,嘉義縣,水上鄉,4,9286,34.95,38,39,20181125-000405
1034,嘉義縣,中埔鄉,1,11500,48.74,34,34,20181125-000405
1035,嘉義縣,中埔鄉,2,4038,17.11,34,34,20181125-000405
1036,嘉義縣,中埔鄉,3,308,1.31,34,34,20181125-000405
1037,嘉義縣,中埔鄉,4,7751,32.85,34,34,20181125-000405
1038,嘉義縣,竹崎鄉,1,8431,42.13,35,36,20181125-000405
1039,嘉義縣,竹崎鄉,2,5232,26.14,35,36,20181125-000405
1040,嘉義縣,竹崎鄉,3,324,1.62,35,36,20181125-000405
1041,嘉義縣,竹崎鄉,4,6026,30.11,35,36,20181125-000405
1042,嘉義縣,梅山鄉,1,5175,43.22,22,22,20181125-000405
1043,嘉義縣,梅山鄉,2,3197,26.7,22,22,20181125-000405
1044,嘉義縣,梅山鄉,3,164,1.37,22,22,20181125-000405
1045,嘉義縣,梅山鄉,4,3437,28.71,22,22,20181125-000405
1046,嘉義縣,番路鄉,1,2253,32.66,15,15,20181125-000406
1047,嘉義縣,番路鄉,2,2036,29.51,15,15,20181125-000406
1048,嘉義縣,番路鄉,3,100,1.45,15,15,20181125-000406
1049,嘉義縣,番路鄉,4,2510,36.38,15,15,20181125-000406
1050,嘉義縣,大埔鄉,1,1724,56.07,9,9,20181125-000406
1051,嘉義縣,大埔鄉,2,397,12.91,9,9,20181125-000406
1052,嘉義縣,大埔鄉,3,35,1.14,9,9,20181125-000406
1053,嘉義縣,大埔鄉,4,919,29.89,9,9,20181125-000406
1054,嘉義縣,阿里山鄉,1,1449,44.83,13,13,20181125-000406
1055,嘉義縣,阿里山鄉,2,577,17.85,13,13,20181125-000406
1056,嘉義縣,阿里山鄉,3,40,1.24,13,13,20181125-000406
1057,嘉義縣,阿里山鄉,4,1166,36.08,13,13,20181125-000406
1058,屏東縣,屏東市,1,2126,2.15,146,149,20181125-000407
1059,屏東縣,屏東市,2,44654,45.1,146,149,20181125-000407
1060,屏東縣,屏東市,3,52240,52.76,146,149,20181125-000407
1061,屏東縣,潮州鎮,1,623,2.16,40,40,20181125-000407
1062,屏東縣,潮州鎮,2,12571,43.62,40,40,20181125-000407
1063,屏東縣,潮州鎮,3,15628,54.22,40,40,20181125-000407
1064,屏東縣,東港鎮,1,575,2.38,38,38,20181125-000407
1065,屏東縣,東港鎮,2,11387,47.04,38,38,20181125-000407
1066,屏東縣,東港鎮,3,12243,50.58,38,38,20181125-000407
1067,屏東縣,恆春鎮,1,232,1.4,25,25,20181125-000407
1068,屏東縣,恆春鎮,2,6729,40.55,25,25,20181125-000407
1069,屏東縣,恆春鎮,3,9632,58.05,25,25,20181125-000407
1070,屏東縣,萬丹鄉,1,825,2.84,39,39,20181125-000407
1071,屏東縣,萬丹鄉,2,11272,38.87,39,39,20181125-000407
1072,屏東縣,萬丹鄉,3,16905,58.29,39,39,20181125-000407
1073,屏東縣,長治鄉,1,381,2.2,22,22,20181125-000408
1074,屏東縣,長治鄉,2,6939,40.05,22,22,20181125-000408
1075,屏東縣,長治鄉,3,10006,57.75,22,22,20181125-000408
1076,屏東縣,麟洛鄉,1,160,2.25,10,10,20181125-000408
1077,屏東縣,麟洛鄉,2,2526,35.45,10,10,20181125-000408
1078,屏東縣,麟洛鄉,3,4440,62.31,10,10,20181125-000408
1079,屏東縣,九如鄉,1,294,2.22,14,14,20181125-000408
1080,屏東縣,九如鄉,2,3977,30.03,14,14,20181125-000408
1081,屏東縣,九如鄉,3,8972,67.75,14,14,20181125-000408
1082,屏東縣,里港鄉,1,393,2.54,20,20,20181125-000409
1083,屏東縣,里港鄉,2,5371,34.75,20,20,20181125-000409
1084,屏東縣,里港鄉,3,9692,62.71,20,20,20181125-000409
1085,屏東縣,鹽埔鄉,1,387,2.43,20,20,20181125-000409
1086,屏東縣,鹽埔鄉,2,6561,41.2,20,20,20181125-000409
1087,屏東縣,鹽埔鄉,3,8977,56.37,20,20,20181125-000409
1088,屏東縣,高樹鄉,1,347,2.22,22,22,20181125-000409
1089,屏東縣,高樹鄉,2,5402,34.53,22,22,20181125-000409
1090,屏東縣,高樹鄉,3,9897,63.26,22,22,20181125-000409
1091,屏東縣,萬巒鄉,1,198,1.61,18,18,20181125-000409
1092,屏東縣,萬巒鄉,2,3866,31.41,18,18,20181125-000409
1093,屏東縣,萬巒鄉,3,8245,66.98,18,18,20181125-000409
1094,屏東縣,內埔鄉,1,539,1.86,40,40,20181125-000410
1095,屏東縣,內埔鄉,2,10697,36.84,40,40,20181125-000410
1096,屏東縣,內埔鄉,3,17799,61.3,40,40,20181125-000410
1097,屏東縣,竹田鄉,1,216,1.94,16,16,20181125-000410
1098,屏東縣,竹田鄉,2,4040,36.23,16,16,20181125-000410
1099,屏東縣,竹田鄉,3,6894,61.83,16,16,20181125-000410
1100,屏東縣,新埤鄉,1,100,1.55,12,12,20181125-000410
1101,屏東縣,新埤鄉,2,2663,41.34,12,12,20181125-000410
1102,屏東縣,新埤鄉,3,3678,57.1,12,12,20181125-000410
1103,屏東縣,枋寮鄉,1,308,2.03,22,22,20181125-000410
1104,屏東縣,枋寮鄉,2,7635,50.44,22,22,20181125-000410
1105,屏東縣,枋寮鄉,3,7194,47.53,22,22,20181125-000410
1106,屏東縣,新園鄉,1,523,2.52,28,28,20181125-000411
1107,屏東縣,新園鄉,2,8167,39.28,28,28,20181125-000411
1108,屏東縣,新園鄉,3,12100,58.2,28,28,20181125-000411
1109,屏東縣,崁頂鄉,1,155,1.87,12,12,20181125-000411
1110,屏東縣,崁頂鄉,2,3219,38.8,12,12,20181125-000411
1111,屏東縣,崁頂鄉,3,4923,59.33,12,12,20181125-000411
1112,屏東縣,林邊鄉,1,193,1.71,16,16,20181125-000411
1113,屏東縣,林邊鄉,2,4376,38.84,16,16,20181125-000411
1114,屏東縣,林邊鄉,3,6699,59.45,16,16,20181125-000411
1115,屏東縣,南州鄉,1,159,2.25,11,11,20181125-000411
1116,屏東縣,南州鄉,2,3024,42.84,11,11,20181125-000411
1117,屏東縣,南州鄉,3,3876,54.91,11,11,20181125-000411
1118,屏東縣,佳冬鄉,1,165,1.39,16,16,20181125-000412
1119,屏東縣,佳冬鄉,2,4432,37.29,16,16,20181125-000412
1120,屏東縣,佳冬鄉,3,7288,61.32,16,16,20181125-000412
1121,屏東縣,琉球鄉,1,116,1.69,9,9,20181125-000412
1122,屏東縣,琉球鄉,2,4763,69.26,9,9,20181125-000412
1123,屏東縣,琉球鄉,3,1998,29.05,9,9,20181125-000412
1124,屏東縣,車城鄉,1,74,1.4,13,13,20181125-000412
1125,屏東縣,車城鄉,2,1786,33.67,13,13,20181125-000412
1126,屏東縣,車城鄉,3,3444,64.93,13,13,20181125-000412
1127,屏東縣,滿州鄉,1,89,1.68,8,8,20181125-000412
1128,屏東縣,滿州鄉,2,1994,37.68,8,8,20181125-000412
1129,屏東縣,滿州鄉,3,3209,60.64,8,8,20181125-000412
1130,屏東縣,枋山鄉,1,72,1.85,6,6,20181125-000413
1131,屏東縣,枋山鄉,2,1385,35.63,6,6,20181125-000413
1132,屏東縣,枋山鄉,3,2430,62.52,6,6,20181125-000413
1133,屏東縣,三地門鄉,1,85,1.65,10,10,20181125-000414
1134,屏東縣,三地門鄉,2,2895,56.14,10,10,20181125-000414
1135,屏東縣,三地門鄉,3,2177,42.21,10,10,20181125-000414
1136,屏東縣,霧臺鄉,1,46,1.85,8,8,20181125-000414
1137,屏東縣,霧臺鄉,2,1129,45.34,8,8,20181125-000414
1138,屏東縣,霧臺鄉,3,1315,52.81,8,8,20181125-000414
1139,屏東縣,瑪家鄉,1,65,1.42,8,8,20181125-000414
1140,屏東縣,瑪家鄉,2,2350,51.4,8,8,20181125-000414
1141,屏東縣,瑪家鄉,3,2157,47.18,8,8,20181125-000414
1142,屏東縣,泰武鄉,1,42,1.17,7,7,20181125-000415
1143,屏東縣,泰武鄉,2,1668,46.62,7,7,20181125-000415
1144,屏東縣,泰武鄉,3,1868,52.21,7,7,20181125-000415
1145,屏東縣,來義鄉,1,64,1.35,9,9,20181125-000415
1146,屏東縣,來義鄉,2,2673,56.24,9,9,20181125-000415
1147,屏東縣,來義鄉,3,2016,42.42,9,9,20181125-000415
1148,屏東縣,春日鄉,1,71,2.35,6,6,20181125-000415
1149,屏東縣,春日鄉,2,1737,57.38,6,6,20181125-000415
1150,屏東縣,春日鄉,3,1219,40.27,6,6,20181125-000415
1151,屏東縣,獅子鄉,1,72,2.1,8,8,20181125-000415
1152,屏東縣,獅子鄉,2,2192,64.02,8,8,20181125-000415
1153,屏東縣,獅子鄉,3,1160,33.88,8,8,20181125-000415
1154,屏東縣,牡丹鄉,1,68,2.13,7,7,20181125-000416
1155,屏東縣,牡丹鄉,2,1772,55.41,7,7,20181125-000416
1156,屏東縣,牡丹鄉,3,1358,42.46,7,7,20181125-000416
1157,宜蘭縣,宜蘭市,1,6303,13.64,74,78,20181125-000416
1158,宜蘭縣,宜蘭市,2,22567,48.82,74,78,20181125-000416
1159,宜蘭縣,宜蘭市,3,16747,36.23,74,78,20181125-000416
1160,宜蘭縣,宜蘭市,4,357,0.77,74,78,20181125-000416
1161,宜蘭縣,宜蘭市,5,248,0.54,74,78,20181125-000416
1162,宜蘭縣,羅東鎮,1,3872,11.06,50,50,20181125-000416
1163,宜蘭縣,羅東鎮,2,18457,52.71,50,50,20181125-000416
1164,宜蘭縣,羅東鎮,3,12395,35.4,50,50,20181125-000416
1165,宜蘭縣,羅東鎮,4,163,0.47,50,50,20181125-000416
1166,宜蘭縣,羅東鎮,5,128,0.37,50,50,20181125-000416
1167,宜蘭縣,蘇澳鎮,1,2266,9.88,43,43,20181125-000417
1168,宜蘭縣,蘇澳鎮,2,11341,49.44,43,43,20181125-000417
1169,宜蘭縣,蘇澳鎮,3,8995,39.21,43,43,20181125-000417
1170,宜蘭縣,蘇澳鎮,4,185,0.81,43,43,20181125-000417
1171,宜蘭縣,蘇澳鎮,5,154,0.67,43,43,20181125-000417
1172,宜蘭縣,頭城鎮,1,1415,8.26,32,32,20181125-000418
1173,宜蘭縣,頭城鎮,2,9405,54.9,32,32,20181125-000418
1174,宜蘭縣,頭城鎮,3,5973,34.87,32,32,20181125-000418
1175,宜蘭縣,頭城鎮,4,167,0.97,32,32,20181125-000418
1176,宜蘭縣,頭城鎮,5,171,1.0,32,32,20181125-000418
1177,宜蘭縣,礁溪鄉,1,2314,10.95,32,32,20181125-000418
1178,宜蘭縣,礁溪鄉,2,9698,45.91,32,32,20181125-000418
1179,宜蘭縣,礁溪鄉,3,8797,41.65,32,32,20181125-000418
1180,宜蘭縣,礁溪鄉,4,194,0.92,32,32,20181125-000418
1181,宜蘭縣,礁溪鄉,5,120,0.57,32,32,20181125-000418
1182,宜蘭縣,壯圍鄉,1,1581,10.34,23,23,20181125-000419
1183,宜蘭縣,壯圍鄉,2,6978,45.66,23,23,20181125-000419
1184,宜蘭縣,壯圍鄉,3,6509,42.59,23,23,20181125-000419
1185,宜蘭縣,壯圍鄉,4,125,0.82,23,23,20181125-000419
1186,宜蘭縣,壯圍鄉,5,90,0.59,23,23,20181125-000419
1187,宜蘭縣,員山鄉,1,1974,10.77,31,31,20181125-000419
1188,宜蘭縣,員山鄉,2,7844,42.78,31,31,20181125-000419
1189,宜蘭縣,員山鄉,3,8154,44.47,31,31,20181125-000419
1190,宜蘭縣,員山鄉,4,264,1.44,31,31,20181125-000419
1191,宜蘭縣,員山鄉,5,101,0.55,31,31,20181125-000419
1192,宜蘭縣,冬山鄉,1,3138,10.94,39,39,20181125-000419
1193,宜蘭縣,冬山鄉,2,13141,45.83,39,39,20181125-000419
1194,宜蘭縣,冬山鄉,3,12023,41.93,39,39,20181125-000419
1195,宜蘭縣,冬山鄉,4,206,0.72,39,39,20181125-000419
1196,宜蘭縣,冬山鄉,5,168,0.59,39,39,20181125-000419
1197,宜蘭縣,五結鄉,1,2605,11.84,33,33,20181125-000420
1198,宜蘭縣,五結鄉,2,10354,47.07,33,33,20181125-000420
1199,宜蘭縣,五結鄉,3,8782,39.93,33,33,20181125-000420
1200,宜蘭縣,五結鄉,4,142,0.65,33,33,20181125-000420
1201,宜蘭縣,五結鄉,5,112,0.51,33,33,20181125-000420
1202,宜蘭縣,三星鄉,1,1235,9.69,21,21,20181125-000420
1203,宜蘭縣,三星鄉,2,6053,47.48,21,21,20181125-000420
1204,宜蘭縣,三星鄉,3,5314,41.68,21,21,20181125-000420
1205,宜蘭縣,三星鄉,4,74,0.58,21,21,20181125-000420
1206,宜蘭縣,三星鄉,5,72,0.56,21,21,20181125-000420
1207,宜蘭縣,大同鄉,1,149,3.81,10,10,20181125-000420
1208,宜蘭縣,大同鄉,2,3360,86.02,10,10,20181125-000420
1209,宜蘭縣,大同鄉,3,374,9.58,10,10,20181125-000420
1210,宜蘭縣,大同鄉,4,9,0.23,10,10,20181125-000420
1211,宜蘭縣,大同鄉,5,14,0.36,10,10,20181125-000420
1212,宜蘭縣,南澳鄉,1,114,3.12,7,7,20181125-000420
1213,宜蘭縣,南澳鄉,2,3245,88.73,7,7,20181125-000420
1214,宜蘭縣,南澳鄉,3,260,7.11,7,7,20181125-000420
1215,宜蘭縣,南澳鄉,4,14,0.38,7,7,20181125-000420
1216,宜蘭縣,南澳鄉,5,24,0.66,7,7,20181125-000420
1217,花蓮縣,花蓮市,1,26690,66.34,69,81,20181125-000421
1218,花蓮縣,花蓮市,2,12196,30.31,69,81,20181125-000421
1219,花蓮縣,花蓮市,3,1349,3.35,69,81,20181125-000421
1220,花蓮縣,鳳林鎮,1,4367,76.56,14,15,20181125-000421
1221,花蓮縣,鳳林鎮,2,1217,21.34,14,15,20181125-000421
1222,花蓮縣,鳳林鎮,3,120,2.1,14,15,20181125-000421
1223,花蓮縣,玉里鎮,1,8108,76.45,21,23,20181125-000421
1224,花蓮縣,玉里鎮,2,2281,21.51,21,23,20181125-000421
1225,花蓮縣,玉里鎮,3,217,2.05,21,23,20181125-000421
1226,花蓮縣,新城鄉,1,6868,71.28,18,19,20181125-000422
1227,花蓮縣,新城鄉,2,2494,25.88,18,19,20181125-000422
1228,花蓮縣,新城鄉,3,273,2.83,18,19,20181125-000422
1229,花蓮縣,吉安鄉,1,27429,68.41,57,59,20181125-000422
1230,花蓮縣,吉安鄉,2,11456,28.57,57,59,20181125-000422
1231,花蓮縣,吉安鄉,3,1211,3.02,57,59,20181125-000422
1232,花蓮縣,壽豐鄉,1,7438,71.53,21,21,20181125-000422
1233,花蓮縣,壽豐鄉,2,2732,26.27,21,21,20181125-000422
1234,花蓮縣,壽豐鄉,3,229,2.2,21,21,20181125-000422
1235,花蓮縣,光復鄉,1,5830,77.36,17,17,20181125-000423
1236,花蓮縣,光復鄉,2,1553,20.61,17,17,20181125-000423
1237,花蓮縣,光復鄉,3,153,2.03,17,17,20181125-000423
1238,花蓮縣,豐濱鄉,1,2471,77.7,7,7,20181125-000423
1239,花蓮縣,豐濱鄉,2,629,19.78,7,7,20181125-000423
1240,花蓮縣,豐濱鄉,3,80,2.52,7,7,20181125-000423
1241,花蓮縣,瑞穗鄉,1,5010,75.78,13,13,20181125-000423
1242,花蓮縣,瑞穗鄉,2,1487,22.49,13,13,20181125-000423
1243,花蓮縣,瑞穗鄉,3,114,1.72,13,13,20181125-000423
1244,花蓮縣,富里鄉,1,4628,77.81,13,13,20181125-000423
1245,花蓮縣,富里鄉,2,1229,20.66,13,13,20181125-000423
1246,花蓮縣,富里鄉,3,91,1.53,13,13,20181125-000423
1247,花蓮縣,秀林鄉,1,5148,81.12,11,14,20181125-000423
1248,花蓮縣,秀林鄉,2,1140,17.96,11,14,20181125-000423
1249,花蓮縣,秀林鄉,3,58,0.91,11,14,20181125-000423
1250,花蓮縣,萬榮鄉,1,3205,83.7,7,7,20181125-000424
1251,花蓮縣,萬榮鄉,2,567,14.81,7,7,20181125-000424
1252,花蓮縣,萬榮鄉,3,57,1.49,7,7,20181125-000424
1253,花蓮縣,卓溪鄉,1,2997,88.1,10,10,20181125-000424
1254,花蓮縣,卓溪鄉,2,363,10.67,10,10,20181125-000424
1255,花蓮縣,卓溪鄉,3,42,1.23,10,10,20181125-000424
1256,臺東縣,臺東市,1,958,1.78,67,69,20181125-000425
1257,臺東縣,臺東市,2,21927,40.8,67,69,20181125-000425
1258,臺東縣,臺東市,3,269,0.5,67,69,20181125-000425
1259,臺東縣,臺東市,4,512,0.95,67,69,20181125-000425
1260,臺東縣,臺東市,5,30073,55.96,67,69,20181125-000425
1261,臺東縣,成功鎮,1,251,3.41,17,17,20181125-000425
1262,臺東縣,成功鎮,2,2536,34.41,17,17,20181125-000425
1263,臺東縣,成功鎮,3,43,0.58,17,17,20181125-000425
1264,臺東縣,成功鎮,4,59,0.8,17,17,20181125-000425
1265,臺東縣,成功鎮,5,4481,60.8,17,17,20181125-000425
1266,臺東縣,關山鎮,1,120,2.37,9,9,20181125-000425
1267,臺東縣,關山鎮,2,1779,35.12,9,9,20181125-000425
1268,臺東縣,關山鎮,3,28,0.55,9,9,20181125-000425
1269,臺東縣,關山鎮,4,44,0.87,9,9,20181125-000425
1270,臺東縣,關山鎮,5,3094,61.09,9,9,20181125-000425
1271,臺東縣,卑南鄉,1,227,2.36,22,22,20181125-000425
1272,臺東縣,卑南鄉,2,3583,37.28,22,22,20181125-000425
1273,臺東縣,卑南鄉,3,37,0.39,22,22,20181125-000425
1274,臺東縣,卑南鄉,4,64,0.67,22,22,20181125-000425
1275,臺東縣,卑南鄉,5,5699,59.3,22,22,20181125-000425
1276,臺東縣,鹿野鄉,1,134,2.93,10,10,20181125-000425
1277,臺東縣,鹿野鄉,2,1992,43.5,10,10,20181125-000425
1278,臺東縣,鹿野鄉,3,33,0.72,10,10,20181125-000425
1279,臺東縣,鹿野鄉,4,35,0.76,10,10,20181125-000425
1280,臺東縣,鹿野鄉,5,2385,52.09,10,10,20181125-000425
1281,臺東縣,池上鄉,1,103,2.32,12,12,20181125-000426
1282,臺東縣,池上鄉,2,1704,38.4,12,12,20181125-000426
1283,臺東縣,池上鄉,3,23,0.52,12,12,20181125-000426
1284,臺東縣,池上鄉,4,19,0.43,12,12,20181125-000426
1285,臺東縣,池上鄉,5,2588,58.33,12,12,20181125-000426
1286,臺東縣,東河鄉,1,160,3.4,11,11,20181125-000426
1287,臺東縣,東河鄉,2,1687,35.83,11,11,20181125-000426
1288,臺東縣,東河鄉,3,31,0.66,11,11,20181125-000426
1289,臺東縣,東河鄉,4,48,1.02,11,11,20181125-000426
1290,臺東縣,東河鄉,5,2782,59.09,11,11,20181125-000426
1291,臺東縣,長濱鄉,1,186,4.79,11,11,20181125-000426
1292,臺東縣,長濱鄉,2,1293,33.32,11,11,20181125-000426
1293,臺東縣,長濱鄉,3,25,0.64,11,11,20181125-000426
1294,臺東縣,長濱鄉,4,29,0.75,11,11,20181125-000426
1295,臺東縣,長濱鄉,5,2347,60.49,11,11,20181125-000426
1296,臺東縣,太麻里鄉,1,164,2.46,15,15,20181125-000426
1297,臺東縣,太麻里鄉,2,2184,32.75,15,15,20181125-000426
1298,臺東縣,太麻里鄉,3,33,0.49,15,15,20181125-000426
1299,臺東縣,太麻里鄉,4,37,0.55,15,15,20181125-000426
1300,臺東縣,太麻里鄉,5,4251,63.74,15,15,20181125-000426
1301,臺東縣,大武鄉,1,126,3.47,6,6,20181125-000427
1302,臺東縣,大武鄉,2,1172,32.27,6,6,20181125-000427
1303,臺東縣,大武鄉,3,23,0.63,6,6,20181125-000427
1304,臺東縣,大武鄉,4,29,0.8,6,6,20181125-000427
1305,臺東縣,大武鄉,5,2282,62.83,6,6,20181125-000427
1306,臺東縣,綠島鄉,1,48,2.06,4,4,20181125-000427
1307,臺東縣,綠島鄉,2,719,30.81,4,4,20181125-000427
1308,臺東縣,綠島鄉,3,5,0.21,4,4,20181125-000427
1309,臺東縣,綠島鄉,4,26,1.11,4,4,20181125-000427
1310,臺東縣,綠島鄉,5,1536,65.81,4,4,20181125-000427
1311,臺東縣,海端鄉,1,68,3.06,6,6,20181125-000428
1312,臺東縣,海端鄉,2,467,21.04,6,6,20181125-000428
1313,臺東縣,海端鄉,3,9,0.41,6,6,20181125-000428
1314,臺東縣,海端鄉,4,15,0.68,6,6,20181125-000428
1315,臺東縣,海端鄉,5,1661,74.82,6,6,20181125-000428
1316,臺東縣,延平鄉,1,104,4.58,5,5,20181125-000429
1317,臺東縣,延平鄉,2,460,20.25,5,5,20181125-000429
1318,臺東縣,延平鄉,3,20,0.88,5,5,20181125-000429
1319,臺東縣,延平鄉,4,11,0.48,5,5,20181125-000429
1320,臺東縣,延平鄉,5,1677,73.81,5,5,20181125-000429
1321,臺東縣,金峰鄉,1,60,2.45,5,5,20181125-000429
1322,臺東縣,金峰鄉,2,606,24.75,5,5,20181125-000429
1323,臺東縣,金峰鄉,3,6,0.25,5,5,20181125-000429
1324,臺東縣,金峰鄉,4,6,0.25,5,5,20181125-000429
1325,臺東縣,金峰鄉,5,1770,72.3,5,5,20181125-000429
1326,臺東縣,達仁鄉,1,97,3.93,7,7,20181125-000429
1327,臺東縣,達仁鄉,2,641,25.95,7,7,20181125-000429
1328,臺東縣,達仁鄉,3,16,0.65,7,7,20181125-000429
1329,臺東縣,達仁鄉,4,9,0.36,7,7,20181125-000429
1330,臺東縣,達仁鄉,5,1707,69.11,7,7,20181125-000429
1331,臺東縣,蘭嶼鄉,1,207,9.72,4,4,20181125-000430
1332,臺東縣,蘭嶼鄉,2,760,35.7,4,4,20181125-000430
1333,臺東縣,蘭嶼鄉,3,26,1.22,4,4,20181125-000430
1334,臺東縣,蘭嶼鄉,4,32,1.5,4,4,20181125-000430
1335,臺東縣,蘭嶼鄉,5,1104,51.86,4,4,20181125-000430
1336,澎湖縣,馬公市,1,664,2.13,50,50,20181125-000430
1337,澎湖縣,馬公市,2,2536,8.15,50,50,20181125-000430
1338,澎湖縣,馬公市,3,4215,13.54,50,50,20181125-000430
1339,澎湖縣,馬公市,4,1606,5.16,50,50,20181125-000430
1340,澎湖縣,馬公市,5,9043,29.05,50,50,20181125-000430
1341,澎湖縣,馬公市,6,257,0.83,50,50,20181125-000430
1342,澎湖縣,湖西鄉,1,93,1.19,23,23,20181125-000430
1343,澎湖縣,湖西鄉,2,797,10.17,23,23,20181125-000430
1344,澎湖縣,湖西鄉,3,563,7.18,23,23,20181125-000430
1345,澎湖縣,湖西鄉,4,733,9.35,23,23,20181125-000430
1346,澎湖縣,湖西鄉,5,3084,39.34,23,23,20181125-000430
1347,澎湖縣,湖西鄉,6,117,1.49,23,23,20181125-000430
1348,澎湖縣,白沙鄉,1,95,1.86,15,15,20181125-000430
1349,澎湖縣,白沙鄉,2,322,6.29,15,15,20181125-000430
1350,澎湖縣,白沙鄉,3,475,9.28,15,15,20181125-000430
1351,澎湖縣,白沙鄉,4,306,5.98,15,15,20181125-000430
1352,澎湖縣,白沙鄉,5,1931,37.74,15,15,20181125-000430
1353,澎湖縣,白沙鄉,6,37,0.72,15,15,20181125-000430
1354,澎湖縣,西嶼鄉,1,434,10.73,12,12,20181125-000431
1355,澎湖縣,西嶼鄉,2,218,5.39,12,12,20181125-000431
1356,澎湖縣,西嶼鄉,3,305,7.54,12,12,20181125-000431
1357,澎湖縣,西嶼鄉,4,209,5.17,12,12,20181125-000431
1358,澎湖縣,西嶼鄉,5,1294,32.01,12,12,20181125-000431
1359,澎湖縣,西嶼鄉,6,25,0.62,12,12,20181125-000431
1360,澎湖縣,望安鄉,1,70,2.4,10,10,20181125-000431
1361,澎湖縣,望安鄉,2,392,13.44,10,10,20181125-000431
1362,澎湖縣,望安鄉,3,195,6.69,10,10,20181125-000431
1363,澎湖縣,望安鄉,4,88,3.02,10,10,20181125-000431
1364,澎湖縣,望安鄉,5,1310,44.92,10,10,20181125-000431
1365,澎湖縣,望安鄉,6,20,0.69,10,10,20181125-000431
1366,澎湖縣,七美鄉,1,23,1.23,6,6,20181125-000431
1367,澎湖縣,七美鄉,2,65,3.47,6,6,20181125-000431
1368,澎湖縣,七美鄉,3,69,3.68,6,6,20181125-000431
1369,澎湖縣,七美鄉,4,57,3.04,6,6,20181125-000431
1370,澎湖縣,七美鄉,5,685,36.57,6,6,20181125-000431
1371,澎湖縣,七美鄉,6,12,0.64,6,6,20181125-000431
1372,金門縣,金城鎮,1,299,1.99,21,21,20181125-000431
1373,金門縣,金城鎮,2,120,0.8,21,21,20181125-000431
1374,金門縣,金城鎮,3,5916,39.47,21,21,20181125-000431
1375,金門縣,金城鎮,4,412,2.75,21,21,20181125-000431
1376,金門縣,金城鎮,5,106,0.71,21,21,20181125-000431
1377,金門縣,金沙鎮,1,87,1.13,13,13,20181125-000432
1378,金門縣,金沙鎮,2,50,0.65,13,13,20181125-000432
1379,金門縣,金沙鎮,3,4412,57.2,13,13,20181125-000432
1380,金門縣,金沙鎮,4,151,1.96,13,13,20181125-000432
1381,金門縣,金沙鎮,5,39,0.51,13,13,20181125-000432
1382,金門縣,金湖鎮,1,115,1.07,17,17,20181125-000432
1383,金門縣,金湖鎮,2,75,0.7,17,17,20181125-000432
1384,金門縣,金湖鎮,3,5855,54.42,17,17,20181125-000432
1385,金門縣,金湖鎮,4,457,4.25,17,17,20181125-000432
1386,金門縣,金湖鎮,5,53,0.49,17,17,20181125-000432
1387,金門縣,金寧鄉,1,206,1.89,17,17,20181125-000432
1388,金門縣,金寧鄉,2,140,1.28,17,17,20181125-000432
1389,金門縣,金寧鄉,3,4204,38.55,17,17,20181125-000432
1390,金門縣,金寧鄉,4,275,2.52,17,17,20181125-000432
1391,金門縣,金寧鄉,5,90,0.83,17,17,20181125-000432
1392,金門縣,烈嶼鄉,1,124,2.66,8,8,20181125-000432
1393,金門縣,烈嶼鄉,2,18,0.39,8,8,20181125-000432
1394,金門縣,烈嶼鄉,3,2186,46.97,8,8,20181125-000432
1395,金門縣,烈嶼鄉,4,94,2.02,8,8,20181125-000432
1396,金門縣,烈嶼鄉,5,78,1.68,8,8,20181125-000432
1397,金門縣,烏坵鄉,1,1,0.48,2,2,20181125-000433
1398,金門縣,烏坵鄉,2,0,0.0,2,2,20181125-000433
1399,金門縣,烏坵鄉,3,146,69.86,2,2,20181125-000433
1400,金門縣,烏坵鄉,4,0,0.0,2,2,20181125-000433
1401,金門縣,烏坵鄉,5,0,0.0,2,2,20181125-000433
1402,連江縣,南竿鄉,1,542,12.98,4,4,20181125-000433
1403,連江縣,南竿鄉,2,871,20.86,4,4,20181125-000433
1404,連江縣,南竿鄉,3,169,4.05,4,4,20181125-000433
1405,連江縣,北竿鄉,1,135,9.17,2,2,20181125-000434
1406,連江縣,北竿鄉,2,147,9.99,2,2,20181125-000434
1407,連江縣,北竿鄉,3,51,3.46,2,2,20181125-000434
1408,連江縣,莒光鄉,1,100,9.17,2,2,20181125-000434
1409,連江縣,莒光鄉,2,182,16.7,2,2,20181125-000434
1410,連江縣,莒光鄉,3,76,6.97,2,2,20181125-000434
1411,連江縣,東引鄉,1,150,22.39,1,1,20181125-000434
1412,連江縣,東引鄉,2,84,12.54,1,1,20181125-000434
1413,連江縣,東引鄉,3,40,5.97,1,1,20181125-000434
1414,基隆市,中正區,1,10776,46.85,33,35,20181125-000435
1415,基隆市,中正區,2,12224,53.15,33,35,20181125-000435
1416,基隆市,七堵區,1,11745,42.5,39,39,20181125-000435
1417,基隆市,七堵區,2,15891,57.5,39,39,20181125-000435
1418,基隆市,暖暖區,1,9222,46.76,28,28,20181125-000435
1419,基隆市,暖暖區,2,10500,53.24,28,28,20181125-000435
1420,基隆市,仁愛區,1,9877,44.13,35,35,20181125-000435
1421,基隆市,仁愛區,2,12507,55.87,35,35,20181125-000435
1422,基隆市,中山區,1,11424,45.51,35,35,20181125-000435
1423,基隆市,中山區,2,13678,54.49,35,35,20181125-000435
1424,基隆市,安樂區,1,17106,44.81,46,49,20181125-000436
1425,基隆市,安樂區,2,21070,55.19,46,49,20181125-000436
1426,基隆市,信義區,1,12646,50.04,34,36,20181125-000436
1427,基隆市,信義區,2,12624,49.96,34,36,20181125-000436
1428,新竹市,東區,1,18593,19.45,134,139,20181125-000436
1429,新竹市,東區,2,310,0.32,134,139,20181125-000436
1430,新竹市,東區,3,2080,2.18,134,139,20181125-000436
1431,新竹市,東區,4,27806,29.09,134,139,20181125-000436
1432,新竹市,東區,5,255,0.27,134,139,20181125-000436
1433,新竹市,東區,6,46542,48.69,134,139,20181125-000436
1434,新竹市,北區,1,16077,22.15,101,105,20181125-000436
1435,新竹市,北區,2,231,0.32,101,105,20181125-000436
1436,新竹市,北區,3,1016,1.4,101,105,20181125-000436
1437,新竹市,北區,4,20047,27.61,101,105,20181125-000436
1438,新竹市,北區,5,186,0.26,101,105,20181125-000436
1439,新竹市,北區,6,35039,48.27,101,105,20181125-000436
1440,新竹市,香山區,1,7720,18.58,55,55,20181125-000436
1441,新竹市,香山區,2,146,0.35,55,55,20181125-000436
1442,新竹市,香山區,3,385,0.93,55,55,20181125-000436
1443,新竹市,香山區,4,10561,25.42,55,55,20181125-000436
1444,新竹市,香山區,5,118,0.28,55,55,20181125-000436
1445,新竹市,香山區,6,22611,54.43,55,55,20181125-000436
1446,嘉義市,東區,1,10703,16.95,81,81,20181125-000437
1447,嘉義市,東區,2,806,1.28,81,81,20181125-000437
1448,嘉義市,東區,3,24081,38.13,81,81,20181125-000437
1449,嘉義市,西區,1,14869,18.81,96,96,20181125-000437
1450,嘉義市,西區,2,1016,1.29,96,96,20181125-000437
1451,嘉義市,西區,3,32175,40.7,96,96,20181125-000437
